vendor,slug,category,status,scim_plan,scim_price_text,scim_price_per_user_mo,team_plan,team_price_text,team_price_per_user_mo,price_multiplier,sso_plan,sso_price_per_user_mo,sso_required_for_scim,scim_addon_price_text,min_seats,scim_create,scim_update,scim_deactivate,scim_delete,scim_groups,idp_okta,idp_entra,idp_google,idp_onelogin,idp_jumpcloud,idp_generic,pricing_page_url,docs_url,evidence,notes,confidence,last_verified,first_added,status_prev
15Five,15five,,gated,Perform,Perform: $11/u/mo,11,Engage,Engage: $4/u/mo,4,2.8,,,,,,,,,,,,,,,,,https://www.15five.com/pricing,,,"Engage $4, Perform $11, Total Platform $16. SCIM gated to Perform tier and above.",,2026-06-12,,
1Password,1password,,gated,Business,Business: $7.99/u/mo,7.99,Teams Starter Pack,Teams Starter Pack: $19.95/mo flat (up to 10 members),2,4,,,,,,,,,,,,,,,,,https://1password.com/teams/pricing,,,Teams Starter Pack is $19.95/mo flat to 10 users (~$2/u/mo). SCIM provisioning requires Business tier.,,2026-06-12,,
8x8,8x8,,gated,X Series (Contact Sales for SCIM),Contact Sales,,X2,X2: $24/u/mo,24,,,,,,,,,,,,,,,,,,https://www.8x8.com/pricing,,,"Pricing no longer fully listed publicly. X2 $24/u/mo, X4 $44/u/mo, X6+ enterprise. SCIM availability/pricing not publicly disclosed.",,2026-06-12,,
ActiveCampaign,activecampaign,,none,—,—,,Starter,Starter: $15/mo (500 contacts),,,,,,,,,,,,,,,,,,,https://www.activecampaign.com/pricing,,,"No native SCIM provisioning on any plan. Enterprise tier has SAML SSO with JIT only, no automated deprovisioning. Contact-based pricing model, not per-user.",,2026-06-12,,
Adobe Acrobat,adobe-acrobat,,gated,Enterprise (ETLA),Contact Sales,,Acrobat Pro for Teams,Pro for Teams: ~$23.99/u/mo,23.99,,,,,,,,,,,,,,,,,,https://www.adobe.com/acrobat/pricing/business.html,,,"Teams SKU supports SAML only. Full SCIM provisioning requires Enterprise/ETLA agreement, custom-quoted. Pricing rose to ~$23.99/u/mo on annual.",,2026-06-12,,
Adobe Creative Cloud,adobe-creative-cloud,,gated,Enterprise,Contact Sales (~$50K+/yr typical),,Creative Cloud for Teams (All Apps),Teams All Apps: ~$89.99/u/mo,89.99,,,,,,,,,,,,,,,,,,https://www.adobe.com/creativecloud/business/enterprise.html,,,"Teams plan does NOT support SCIM at all; status updated from 'partial' to 'gated'. SCIM only on Enterprise, and only with Azure AD or Google Workspace IdPs (Okta etc. locked out).",,2026-06-12,,
Ahrefs,ahrefs,,gated,Enterprise,"Enterprise: $1,499/mo (annual)",,Lite,"Lite: $129/mo (flat, 1 user)",129,,,,,,,,,,,,,,,,,,https://ahrefs.com/pricing,,,"Status changed from 'none' to 'gated'. SCIM provisioning IS available on Enterprise plan ($1,499/mo+), per Ahrefs help docs. SAML SSO + SCIM gated to Enterprise. Lite/Standard/Advanced do not support SCIM. Plans are seat-based with add-on users; not strictly per-user-per-month pricing.",,2026-06-12,,
Airtable,airtable,,gated,Enterprise Scale,Contact Sales (typically $65+/u/mo),,Team,Team: $20/u/mo,20,,,,,,,,,,,,,,,,,,https://airtable.com/pricing,,,"Business ($45/u/mo) does NOT include SCIM; Enterprise Scale required. Custom-quoted, typically starts above $65/seat/mo at 50+ seats.",,2026-06-12,,
Amplitude,amplitude,,gated,Growth,Contact Sales (~$36K+/yr),,Plus,Plus: $49/mo (flat),,,,,,,,,,,,,,,,,,,https://amplitude.com/pricing,,,"Plus is $49/mo flat (unlimited seats, MTU-capped). SCIM requires Growth or Enterprise, custom-quoted. Median Amplitude contract $63.7K/yr.",,2026-06-12,,
Anthology / Blackboard,anthology-blackboard,,gated,Enterprise (Contact Sales),Contact Sales,,Contact Sales,Contact Sales,,,,,,,,,,,,,,,,,,,https://www.anthology.com/products/teaching-and-learning/learning-effectiveness/blackboard,,,"No public pricing. Sales-led, multi-year contracts. SCIM is supported (Blackboard provides SCIM URL + token) on enterprise deployments. Typical 5,000-learner deployment GBP 65K-100K/yr.",,2026-06-12,,
AnyDesk,anydesk,,partial,Ultimate (Contact Sales),Contact Sales,,Solo,Solo: $14.90/mo (flat),14.9,,,,,,,,,,,,,,,,,,https://anydesk.com/en/pricing,,,"Per-connection licensing, not per-user. Solo $14.90, Standard $49.90, Advanced $111.90/mo. SCIM/advanced enterprise features require Ultimate tier (custom-priced).",,2026-06-12,,
AppFolio,appfolio,,unknown,—,—,,Core,Core: $1.40/unit/mo (200-unit minimum),,,,,,,,,,,,,,,,,,,https://www.appfolio.com/pricing,,,Property management software priced per unit (not per user). No public SCIM documentation found. Status remains unknown.,,2026-06-12,,
Appsmith,appsmith,,gated,Enterprise,"Enterprise: $2,500/mo flat for ~100 users (~$25/u/mo)",25,Business,Business: $15/u/mo,15,1.7,,,,,,,,,,,,,,,,,https://www.appsmith.com/pricing,,,"Business now $15/u/mo flat (moved from hourly billing). Enterprise $2,500/mo for 100 users includes SCIM + SAML/OIDC SSO. Normalized to ~$25/u/mo for multiplier.",,2026-06-12,,
Asana,asana,,gated,Enterprise,Contact Sales,,Starter,Starter: $10.99/u/mo,10.99,,,,,,,,,,,,,,,,,,https://asana.com/pricing,,,"SCIM (User provisioning) explicitly gated to Enterprise tier. Starter $10.99, Advanced $24.99, Enterprise/Enterprise+ contact sales.",,2026-06-12,,
Ashby,ashby,,gated,Growth / Enterprise,Contact Sales,,Foundations,Foundations: $400/mo (up to 100 employees),,,,,,,,,,,,,,,,,,,https://www.ashbyhq.com/pricing,,,"Foundations $400/mo flat (no SCIM). SCIM 2.0 only on Growth/Enterprise, custom-quoted ($30K-$70K/yr for 100-300 emp).",,2026-06-12,,
Atera,atera,,none,—,—,,Professional,Professional: $149/tech/mo (annual),149,,,,,,,,,,,,,,,,,,https://www.atera.com/pricing/,,,"IT Dept tiers: Professional $149, Expert $189, Master $219/tech/mo (annual). No public SCIM support documented across plans. Per-technician pricing.",,2026-06-12,,
athenahealth,athenahealth,,none,—,—,,athenaOne,~$140/provider/mo + 4-7% of collections,140,,,,,,,,,,,,,,,,,,https://www.athenahealth.com/why-choose-us/cost-value,,,Status changed from 'partial' to 'none'. No SCIM 2.0 endpoint; no native IdP/SCIM connectors. User management via proprietary REST API only. Per-provider + percent of collections billing.,,2026-06-12,,
Atlassian,atlassian,,gated,Add-on (Atlassian Guard Standard),Guard Standard: $4.20/u/mo,4.2,(N/A - Guard is an add-on),Add-on on top of any Atlassian product plan,,,,,,,,,,,,,,,,,,,https://www.atlassian.com/software/access/pricing,,,Guard Standard $4.20/u/mo includes SCIM. Guard Premium $8.18/u/mo. Add-on layered on top of Jira/Confluence/etc. Multiplier N/A because no base 'team plan' on this product specifically.,,2026-06-12,,
Attio,attio,,gated,Enterprise,Contact Sales (~$119+/u/mo),,Plus,Plus: $29/u/mo (annual),29,,,,,,,,,,,,,,,,,,https://attio.com/pricing,,,"Status changed from 'unknown' to 'gated'. Free (3 seats), Plus $29, Pro $69, Enterprise custom (~$119+/u/mo). SAML SSO + SCIM gated to Enterprise.",,2026-06-12,,
Auth0,auth0,,gated,B2B Professional,B2B Professional: $800/mo,,B2B Essentials,B2B Essentials: $150/mo,,5.3,,,,,,,,,,,,,,,,,https://auth0.com/pricing,,,"Status changed from 'free' to 'gated' based on 2026 B2B plan restructuring. Self-Service SSO included in B2B Essentials; inbound SCIM (directory sync) requires B2B Professional ($800/mo). Pricing is MAU-based, not strict per-user-per-month. Multiplier from flat plan prices.",,2026-06-12,,
Autodesk,autodesk,,gated,Business Success Plan (add-on),Contact Sales,,Standard,Standard: included with product subscription,,,,,,,,,,,,,,,,,,,https://www.autodesk.com/pricing,,,"Status changed from 'unknown' to 'gated'. SCIM gated behind Business Success Plan (separate subscription, pricing not public). Product subscriptions range ~$500-$3,375/yr; Premium upgrade ~$300/yr/seat.",,2026-06-12,,
Backblaze,backblaze,,gated,Add-on (Enterprise Control),+$24/computer/yr (~$2/comp/mo),10.25,Business Backup,Business Backup: $99/computer/yr (~$8.25/comp/mo),8.25,1.2,,,,,,,,,,,,,,,,,https://www.backblaze.com/business/backup/pricing,,,Per-computer (not per-user) pricing. Business Backup ~$99/comp/yr; with Enterprise Control add-on ~$123/comp/yr (= $24/comp/yr add-on). Enterprise Control includes SCIM/SSO. Multiplier compares total with add-on vs base.,,2026-06-12,,
Balsamiq,balsamiq,,none,—,—,,Business,"Business: $12/mo (small team, 2 projects)",,,,,,,,,,,,,,,,,,,https://balsamiq.com/wireframes/pricing/,,,"Enterprise tier ($18/mo+) adds SAML SSO only. No SCIM provisioning support documented across any plan. Project-count pricing, not per-user.",,2026-06-12,,
BambooHR,bamboohr,,none,—,—,,Core,Core: $10/emp/mo,10,,,,,,,,,,,,,,,,,,https://www.bamboohr.com/pricing/,,,"Status changed from 'unknown' to 'none'. BambooHR does NOT support inbound SCIM provisioning on any plan; acts as outbound HR source-of-truth only. Core $10, Pro $17, Elite $25/emp/mo.",,2026-06-12,,
Basecamp,basecamp,,gated,Pro Unlimited,Pro Unlimited: $299/mo flat (annual),,Plus,Plus: $15/u/mo,15,,,,,,,,,,,,,,,,,,https://basecamp.com/pricing,,,SCIM/SSO only on Pro Unlimited ($299/mo flat annual; $349 monthly) and only via Okta connector. No native SCIM for Entra/Google/OneLogin. Updated from 'none' to 'gated' since Okta-based SCIM does exist.,,2026-06-12,,
Baserow,baserow,,none,—,—,,Premium,Premium: $10/u/mo (annual),10,,,,,,,,,,,,,,,,,,https://baserow.io/pricing,,,"Free tier, Premium $10/u/mo, Advanced $18/u/mo. No SCIM documented at any tier.",,2026-06-12,,
Bitly,bitly,,gated,Enterprise,Contact Sales,,Core,Core: $10/mo flat (annual),,,,,,,,,,,,,,,,,,,https://bitly.com/pages/pricing,,,"Plans are flat-priced not per-user (Free, Core $10/mo, Growth $35/mo, Premium $300/mo, Enterprise custom). SSO/SCIM via Okta only on Enterprise. Updated from 'none' to 'gated'.",,2026-06-12,,
Bitrise,bitrise,,gated,Enterprise,Contact Sales,,Starter,Starter: $99/mo flat,,,,,,,,,,,,,,,,,,,https://bitrise.io/pricing,,,"Starter $99/mo (up to 10 members), Pro from $218/mo, Enterprise custom. SCIM only on Enterprise. Plans are flat-fee.",,2026-06-12,,
BitWarden,bitwarden,,free,Teams,Teams: $4/u/mo (SCIM included),4,Teams,Teams: $4/u/mo,4,1,,,,,,,,,,,,,,,,,https://bitwarden.com/pricing/,,,"SCIM included on Teams ($4/u/mo) and Enterprise ($6/u/mo). Lowest paid tier already includes SCIM, so effectively no SCIM tax.",,2026-06-12,,
Blackbaud,blackbaud,,partial,—,Contact Sales,,,—,,,,,,,,,,,,,,,,,,,https://www.blackbaud.com/pricing,,,Could not verify on 2026-06-12. All pricing sales-quoted; SCIM not confirmed on public materials.,,2026-06-12,,
Booqable,booqable,,none,—,—,,Start,Start: $29/mo flat (annual),,,,,,,,,,,,,,,,,,,https://booqable.com/pricing,,,"Start $29/mo annual, Grow $69, Scale $149, Custom from $349. Flat-fee per business. No SCIM documented.",,2026-06-12,,
Box,box,,gated,Business,Business: $15/u/mo (annual),15,Business Starter,Business Starter: $5/u/mo (annual),5,3,,,,,,,,,,,,,,,,,https://www.box.com/pricing,,,SCIM provisioning available from Business ($15/u/mo) upward. Business Starter $5/u/mo lacks SCIM. Box uses partly proprietary provisioning APIs via Okta/Entra.,,2026-06-12,,
Breezy HR,breezy-hr,,gated,Pro,Contact Sales,,Startup,Startup: $157/mo flat (annual),,,,,,,,,,,,,,,,,,,https://breezy.hr/pricing,,,"Free Bootstrap; Startup $157/mo, Growth $273, Business $439 annual. SSO and advanced security only on Pro (custom). Updated from 'unknown' to 'gated'.",,2026-06-12,,
Brex,brex,,gated,Premium,Premium: $12/u/mo,12,Essentials,Essentials: Free,0,,,,,,,,,,,,,,,,,,https://www.brex.com/pricing,,,Essentials free; Premium $12/u/mo; Enterprise custom. SCIM/advanced controls on Premium and above. Multiplier undefined due to free base.,,2026-06-12,,
BrowserStack,browserstack,,gated,Enterprise,Contact Sales,,Live,Live: ~$29/u/mo,29,,,,,,,,,,,,,,,,,,https://www.browserstack.com/pricing,,,Live from $29/mo per parallel. Enterprise (25+ user min) has SSO/SAML and SCIM with custom pricing; typical $12k-$40k/yr.,,2026-06-12,,
Buffer,buffer,,none,—,—,,Essentials,Essentials: $5/mo per channel,,,,,,,,,,,,,,,,,,,https://buffer.com/pricing,,,"Free tier; Essentials $5/channel, Team $10/channel. Buffer charges per channel not per user. No SCIM at any tier.",,2026-06-12,,
Bugsnag,bugsnag,,gated,Enterprise,Contact Sales,,Select,Select: from $23/mo,,,,,,,,,,,,,,,,,,,https://www.bugsnag.com/pricing/,,,"Event-volume pricing: Select ~$23/mo, Preferred ~$39/mo. SSO-based auto provisioning on Preferred; native SCIM Enterprise-only.",,2026-06-12,,
Bytebase,bytebase,,gated,Enterprise,Contact Sales,,Pro,Pro: $20/u/mo,20,,,,,,,,,,,,,,,,,,https://www.bytebase.com/pricing/,,,"Free, Pro $20/u/mo cloud-only, Enterprise custom yearly. SCIM, 2FA, audit log Enterprise-only.",,2026-06-12,,
Calendly,calendly,,gated,Enterprise,"Enterprise: from $15,000/yr (Contact Sales)",,Standard,Standard: $12/u/mo (annual),12,,,,,,,,,,,,,,,,,,https://calendly.com/pricing,,,Standard increased from $10 to $12/u/mo. Teams $20/u/mo. SCIM only on Enterprise with $15k/yr minimum.,,2026-06-12,,
Canva,canva,,gated,Enterprise,Contact Sales (~$25-30/u/mo),,Teams,Teams: $10/u/mo,10,,,,,,,,,,,,,,,,,,https://www.canva.com/pricing/,,,Teams entry $10/u/mo (newer Business signups ~$20/u/mo). SCIM only on Canva Enterprise / for Districts. Enterprise pricing not public.,,2026-06-12,,
Carta,carta,,gated,Scale,Scale: ~$67k-112k/yr (Contact Sales),,Launch,Launch: $280/yr flat (<25 stakeholders),,,,,,,,,,,,,,,,,,,https://carta.com/pricing,,,SCIM only via Okta connector and only on Scale plan (~$224 per stakeholder list). Launch flat for very small companies.,,2026-06-12,,
Cascade,cascade,,unknown,—,Contact Sales,,Essentials,Essentials: Contact Sales,,,,,,,,,,,,,,,,,,,https://www.cascade.app/pricing,,,Free plan up to 4 users; Essentials and Enterprise+ custom/sales-quoted. SSO on paid tiers; SCIM not specifically documented.,,2026-06-12,,
Channel.io,channel-io,,unknown,—,Contact Sales,,Early Stage,Early Stage: $36/mo flat,,,,,,,,,,,,,,,,,,,https://channel.io/en/pricing,,,"Free, Early Stage $36/mo, Growth $96/mo, Enterprise custom. SCIM not documented on public materials.",,2026-06-12,,
Chargebee,chargebee,,none,—,—,,Starter,Starter: Free (then 0.75% of billing),0,,,,,,,,,,,,,,,,,,https://www.chargebee.com/pricing/,,,"Starter free up to $250k cumulative billing then 0.75%. Performance $599/mo, Enterprise custom. SAML SSO only on Enterprise; no native SCIM. 'None' retained.",,2026-06-12,,
CircleCI,circleci,,unknown,Scale,"Contact Sales (from ~$2,000/mo)",,Performance,Performance: from $15/mo (usage-based),15,,,,,,,,,,,,,,,,,,https://circleci.com/pricing/,,,"Free, Performance from $15/mo, Scale custom (~$2k+/mo). SCIM not explicitly named in public materials.",,2026-06-12,,
Clay,clay,,unknown,Enterprise,Contact Sales (~$30k/yr median),,Launch,Launch: $185/mo flat,,,,,,,,,,,,,,,,,,,https://www.clay.com/pricing,,,"March 2026 overhaul: Launch $185/mo, Growth $495/mo, Enterprise custom (SSO/RBAC). Flat/credit-based. SCIM not explicitly named.",,2026-06-12,,
ClickTime,clicktime,,gated,Add-on (any tier),Contact Sales (separate add-on),,Starter,Starter: $12/u/mo,12,,,,,,,,,,,,,,,,,,https://www.clicktime.com/pricing,,,"Starter $12/u/mo, Team $15, Premier $27, Enterprise custom. SCIM as separately-priced add-on across tiers.",,2026-06-12,,
ClickUp,clickup,,gated,Enterprise,Contact Sales (~$20-45/u/mo),,Unlimited,Unlimited: $7/u/mo (annual),7,,,,,,,,,,,,,,,,,,https://clickup.com/pricing,,,"Free, Unlimited $7/u/mo, Business $12, Business Plus $19, Enterprise custom. SAML SSO and SCIM only on Enterprise.",,2026-06-12,,
Clio,clio,,partial,Contact Sales,Contact Sales,,EasyStart,EasyStart: $49/u/mo,49,,,,,,,,,,,,,,,,,,https://www.clio.com/pricing/,,,"Clio offers SAML SSO across plans via Clio Identity, but native SCIM provisioning is not publicly documented. Okta provisioning connector exists. Plans: EasyStart $49, Essentials $89, Advanced $119, Complete $149 (per user/mo, annual).",,2026-06-12,,
Clockify,clockify,,gated,Enterprise,Enterprise: $11.99/u/mo (annual),11.99,Basic,Basic: $3.99/u/mo,3.99,3,,,,,,,,,,,,,,,,,https://clockify.me/pricing,,,"Status updated none -> gated. Enterprise plan ($11.99/seat/mo annual, $14.99 monthly) now lists SCIM provisioning. Basic is lowest paid tier at $3.99/u/mo.",,2026-06-12,,
Cloudcraft,cloudcraft,,none,—,—,,Pro,Pro: $99/u/mo,99,,,,,,,,,,,,,,,,,,https://www.cloudcraft.co/pricing,,,"Cloudcraft offers SAML SSO on Enterprise ($120/u/mo), but no public SCIM provisioning support documented. Existing Datadog customers get SSO free.",,2026-06-12,,
Coda,coda,,gated,Enterprise,Contact Sales,,Pro,Pro: $10/maker/mo (annual),10,,,,,,,,,,,,,,,,,,https://coda.io/pricing,,,Status updated unknown -> gated. Enterprise plan includes SAML SSO and SCIM user provisioning. Pro is $10/maker/mo annual ($12 monthly); Team is $30/maker/mo annual. Enterprise is custom pricing.,,2026-06-12,,
Codeium,codeium,,gated,Enterprise,Enterprise: $60/u/mo,60,Teams,Teams: $35/u/mo,35,1.7,,,,,,,,,,,,,,,,,https://windsurf.com/pricing,,,"Status updated none -> gated. Now branded Windsurf. Enterprise tier at $60/u/mo includes SSO + SCIM (RBAC, compliance certifications). Teams tier $35/u/mo does not include SCIM. Teams capped at 200 seats.",,2026-06-12,,
CoderPad,coderpad,,gated,Enterprise (Custom),Enterprise: Contact Sales,,Starter,Starter: $80/mo flat,,,,,,,,,,,,,,,,,,,https://coderpad.io/pricing/,,,"Pricing is flat-fee per organization (interview volume) rather than per-user. Starter $80/mo, Team $400/mo, Enterprise custom. SSO with SCIM available only on Enterprise/Custom tier.",,2026-06-12,,
Contentful,contentful,,gated,Premium / Enterprise,Contact Sales,,Lite,Lite: $300/mo flat,,,,,,,,,,,,,,,,,,,https://www.contentful.com/pricing/,,,Lite at $300/mo flat (20 users). SCIM requires Premium or Enterprise tier on High Availability or Scale infrastructure. Enterprise contracts typically mid-five figures to six figures annually.,,2026-06-12,,
Copper CRM,copper-crm,,gated,Business,Business: $99/seat/mo (annual),99,Starter,Starter: $9/seat/mo (annual),9,11,,,,,,,,,,,,,,,,,https://www.copper.com/pricing,,,"Status updated unknown -> gated. SCIM provisioning requires Business plan ($99/seat/mo annual, $134 monthly). Only supported through Okta connector; SSO/SAML must be configured first.",,2026-06-12,,
Coursera for Business,coursera-for-business,,gated,Teams,Teams: $399/user/year (~$33.25/u/mo),33.25,Teams,Teams: $399/user/year (~$33.25/u/mo),33.25,1,,,,,,,,,,,,,,,,,https://www.coursera.org/business/pricing,,,Per parent agent notes: Teams plan now includes SCIM at $399/user/year (multiplier collapses to 1.0). Plan still gated above free but SCIM is no longer Enterprise-only. Enterprise still available for 500+ users with additional integrations.,,2026-06-12,,
Crowdin,crowdin,,gated,Enterprise,Enterprise: $450+/mo (custom),,Team,Team: $179/mo flat,,,,,,,,,,,,,,,,,,,https://crowdin.com/pricing,,,"Status updated unknown -> gated. SAML SSO and SCIM provisioning available only on Enterprise plan ($450+/mo, custom). Team plan ($179/mo) does not include SCIM. Per-organization flat pricing, not per-user.",,2026-06-12,,
CrowdStrike,crowdstrike,,gated,Falcon Enterprise,Enterprise: $184.99/device/year (~$15.42/device/mo),15.42,Falcon Go,Go: $29.99/device/year (~$2.50/device/mo),2.5,6.2,,,,,,,,,,,,,,,,,https://www.crowdstrike.com/en-us/pricing/,,,SCIM provisioning gated to Enterprise tier ($184.99/device/year). SCIM only works reliably through Okta connector. Pro tier ($99.99/device/year) does not include SCIM.,,2026-06-12,,
CubeCoders AMP,cubecoders-amp,,none,—,—,,Standard,Standard: ~$10 (one-time/lifetime),,,,,,,,,,,,,,,,,,,https://cubecoders.com/AMP,,,"AMP supports LDAP and (in-development) OIDC for SSO on Advanced/Enterprise editions. No SCIM provisioning support documented. License is per-instance lifetime, not per-user subscription.",,2026-06-12,,
Culture Amp,culture-amp,,none,—,—,,Engage,Contact Sales (~$9-14/employee/mo),,,,,,,,,,,,,,,,,,,https://www.cultureamp.com/pricing,,,"Culture Amp does not support SCIM by design. They separate authentication (SAML SSO) from employee data, which they prefer to sync via HRIS integrations rather than IdP. Pricing is custom per module/employee count.",,2026-06-12,,
Cypress,cypress,,none,—,—,,Team,Team: $67/mo flat (annual),,,,,,,,,,,,,,,,,,,https://www.cypress.io/pricing,,,Cypress Cloud Business plan ($267/mo) adds SAML SSO. No SCIM provisioning publicly documented across any tier. Enterprise is custom but SCIM not advertised.,,2026-06-12,,
Dagster,dagster,,gated,Pro,Pro: Contact Sales,,Solo,Solo: $10/mo + credits,,,,,,,,,,,,,,,,,,,https://dagster.io/pricing,,,"Status updated unknown -> gated. Dagster+ Pro tier includes SSO, RBAC, and SCIM provisioning (with Google, GitHub, SAML IdPs). Solo ($10/mo + $0.040/credit) and Starter ($100/mo + $0.035/credit) do not include SCIM. Pro pricing is quote-based.",,2026-06-12,,
Dashlane,dashlane,,gated,Business,Business: $8/u/mo,8,Business,Business: $8/u/mo,8,1,,,,,,,,,,,,,,,,,https://www.dashlane.com/business/pricing,,,Standard tier retired; Business now baseline at $8/u/mo and includes SAML SSO + SCIM provisioning. Multiplier collapses to 1.0. (Legacy Business and Omnix plans being rebranded; SCIM still included.),,2026-06-12,,
Databricks,databricks,,gated,Premium,Premium: ~$0.55/DBU,,Premium,Premium: ~$0.55/DBU (all-purpose),,1,,,,,,,,,,,,,,,,,https://www.databricks.com/product/pricing,,,"Standard tier retired Oct 2025 on AWS/GCP (Azure by Oct 2026). Premium is now baseline and includes Unity Catalog, RBAC, audit logging, and SCIM. Multiplier collapses to 1.0. Enterprise adds compliance certifications and SLAs but SCIM is already in Premium.",,2026-06-12,,
Datadog,datadog,,gated,Pro,Pro: $15/host/mo (annual),15,Pro,Pro: $15/host/mo (annual),15,1,,,,,,,,,,,,,,,,,https://www.datadoghq.com/pricing/,,,Datadog now includes SCIM 2.0 provisioning on Pro Infrastructure ($15/host/mo annual). Multiplier collapses to 1.0. Enterprise ($23/host/mo) still adds custom RBAC and additional admin features. Note: Microsoft Entra provisioning is currently blocked due to a Microsoft security freeze.,,2026-06-12,,
DatoCMS,datocms,,gated,Enterprise,Enterprise: Contact Sales (~$499+/mo),,Professional,Professional: €149/mo flat,,,,,,,,,,,,,,,,,,,https://www.datocms.com/pricing,,,"SSO and SCIM provisioning restricted to Enterprise tier (custom pricing, starts around $499/mo). Professional plan at €149/mo does not include SCIM.",,2026-06-12,,
dbt Labs,dbt-labs,,gated,Enterprise,Enterprise: $300+/u/mo (custom),300,Team,Team: $100/u/mo,100,3,,,,,,,,,,,,,,,,,https://www.getdbt.com/pricing,,,"Status updated none -> gated. SCIM provisioning gated behind Enterprise tier (~$300/u/mo, 3x Team). Only supports Okta and Entra ID as SSO providers for SCIM.",,2026-06-12,,
Deel,deel,,gated,Enterprise,Enterprise: Contact Sales,,Contractor Management,Contractor: $49/contractor/mo,49,,,,,,,,,,,,,,,,,,https://www.deel.com/pricing,,,"Status updated unknown -> gated. SCIM provisioning available only on Enterprise tier (custom pricing) and supports Okta, Azure AD, JumpCloud. Deel HR is free but does not include SCIM. Contractor Management $49/contractor/mo is lowest paid product. Deel is designed primarily as HR source-of-truth pushing data to IdPs.",,2026-06-12,,
DeepL,deepl,,gated,Business,Business: ~$57.49/u/mo (annual),57.49,Starter,Pro Starter: $10.49/mo (or ~$8.74/u/mo Team),8.74,6.6,,,,,,,,,,,,,,,,,https://www.deepl.com/en/pro#plans,,,"Business tier (~$57.49/u/mo annual) adds SCIM provisioning, domain capture, and enterprise admin features. Lower tiers (Starter $8.74/u/mo, Advanced) do not include SCIM. Enterprise above Business is custom.",,2026-06-12,,
Deepnote,deepnote,,gated,Enterprise,Enterprise: Contact Sales,,Team,Team: $31.20/editor/mo (annual),31.2,,,,,,,,,,,,,,,,,,https://deepnote.com/pricing,,,SCIM provisioning and SAML/OIDC directory sync gated to Enterprise (custom pricing). Team plan at $31.20/editor/mo annual ($39 monthly) does not include SCIM.,,2026-06-12,,
Dialpad,dialpad,,gated,Pro,Pro: $25/u/mo (annual),25,Standard,Standard: $15/u/mo (annual),15,1.7,,,,,,,,,,,,,,,,,https://www.dialpad.com/pricing/,,,"Status updated none -> gated. Native SCIM provisioning now on Dialpad Connect Pro ($25/u/mo annual, $35 monthly). Standard ($15/u/mo) does not include SCIM. Enterprise (custom) adds dedicated support.",,2026-06-12,,
DMARC Report,dmarc-report,,none,—,—,,Guard,Guard: $25/mo flat,2.5,,,,,,,,,,,,,,,,,,https://dmarcreport.com/pricing/,,,"Flat domain/report-volume pricing. SSO/SAML on Defender ($200/mo) and Ultimate ($3,900/mo) but no SCIM at any tier.",,2026-06-12,,
Dmarcian,dmarcian,,gated,Enterprise,Enterprise: ~$499/mo (15 domains),,Basic,Basic: $19.99/mo flat (2 domains),2,,,,,,,,,,,,,,,,,,https://dmarcian.com/pricing/,,,Domain-based flat pricing. SCIM only on Enterprise (~$499/mo). Free Personal tier for non-business use. Normalized Basic flat $19.99/mo to ~$2/u/mo.,,2026-06-12,,
Docker,docker,,gated,Business,Business: $24/user/mo,24,Team,Team: $15/user/mo (annual),15,1.6,,,,,,,,,,,,,,,,,https://www.docker.com/pricing/,,,SCIM only on Business. Pro $9 is single-user; Team is first multi-user plan. Dataset previously listed team as Pro $9; corrected to Team $15.,,2026-06-12,,
DocuSign,docusign,,gated,Enterprise,Contact Sales,,Standard,Standard: $25/user/mo (annual),25,,,,,,,,,,,,,,,,,,https://www.docusign.com/products-and-pricing,,,"Personal $10/mo is single-user. Standard is lowest team-suitable plan. SCIM requires Enterprise Edition (Wave 1 June 2025 users, Wave 2 Q4 2025 groups).",,2026-06-12,,
Doppler,doppler,,gated,Enterprise,Contact Sales,,Team,Team: $21/user/mo,21,,,,,,,,,,,,,,,,,,https://www.doppler.com/pricing,,,SAML SSO on Team; SCIM exclusive to Enterprise. Third-party estimates Enterprise ~$30-40/u/mo.,,2026-06-12,,
Drata,drata,,gated,Enterprise,Contact Sales (~$25K/yr starting),,Essential,"Essential: ~$7,500/yr flat",,,,,,,,,,,,,,,,,,,https://drata.com/pricing,,,"Annual flat pricing by employee bands. Essential ~$7.5K, Foundation ~$15K, Advanced ~$37K, Enterprise ~$25K+. SCIM (Okta-only) on Enterprise.",,2026-06-12,,
Drift / Salesloft,drift-salesloft,,gated,Premier (Enterprise),Premier: ~$180/user/mo,180,Essentials,Essentials: ~$125/user/mo (list),125,1.4,,,,,,,,,,,,,,,,,https://www.salesloft.com/pricing/,,,Pricing private; third-party estimates. SCIM only on Premier/Enterprise. Drift now part of Salesloft.,,2026-06-12,,
Dropbox,dropbox,,gated,Standard,Standard: $15/user/mo,15,Standard,"Standard: $15/user/mo (annual, 3 user min)",15,1,,,,,,,,,,,,,,,,,https://www.dropbox.com/plans,,,SCIM 2.0 supported on Standard business plan and above. SSO must be enabled first. Lowest business team plan includes SCIM; not on free or individual Plus tier.,,2026-06-12,,
Dubble,dubble,,none,—,—,,Team,Team: $12/user/mo (5 user min),12,,,,,,,,,,,,,,,,,,https://dubble.so/pricing,,,Pro plan offers SAML SSO but no SCIM at any tier.,,2026-06-12,,
Duo Security,duo-security,,free,Essentials,Essentials: $3/user/mo (Duo Directory included),3,Essentials,Essentials: $3/user/mo,3,1,,,,,,,,,,,,,,,,,https://duo.com/pricing,,,"Duo Directory (directory sync/SCIM) included starting with Essentials, the cheapest paid tier. Advantage $6 and Premier $9 add other features. Reclassified from gated.",,2026-06-12,,
Dynatrace,dynatrace,,gated,Enterprise (custom),Contact Sales,,Infrastructure Monitoring,Infrastructure: ~$29/host/mo,,,,,,,,,,,,,,,,,,,https://www.dynatrace.com/pricing/,,,Per-host pricing. SCIM 2.0 via Okta/Azure but requires Enterprise contract. Full-Stack ~$58/host/mo. Median enterprise ACV ~$183K.,,2026-06-12,,
Ease,ease,,none,—,—,,,Contact Sales,,,,,,,,,,,,,,,,,,,https://ease.com/pricing/,,,HR/benefits via insurance brokers. Custom pricing only. No documented native SCIM.,,2026-06-12,,
Easy LMS,easy-lms,,none,—,—,,Basic,Basic: $80/mo flat,,,,,,,,,,,,,,,,,,,https://www.easy-lms.com/pricing,,,"Flat-fee pricing. Basic $80/mo, Advanced $230/mo. No documented SCIM at any tier.",,2026-06-12,,
Elastic,elastic,,gated,Enterprise,Enterprise: from $184/mo (resource-based),,Standard,Standard: from $99/mo (resource-based),,,,,,,,,,,,,,,,,,,https://www.elastic.co/pricing/,,,Resource-based pricing. Free self-managed exists. SAML/SSO on Platinum; SCIM typically Enterprise. Real deployments $1.5K-$50K+/mo.,,2026-06-12,,
Envoy,envoy,,gated,Premium,Premium: $5/active user/mo,5,Standard,Workplace Standard: $3/active user/mo,3,1.7,,,,,,,,,,,,,,,,,https://envoy.com/pricing/,,,"Workplace tiers: Standard $3, Premium $5, Premium Plus $7 per active user/mo. SCIM on Premium+. Older Visitor product priced per location.",,2026-06-12,,
Expensify,expensify,,gated,Control,Control: $9/member/mo (annual w/ Card),9,Collect,Collect: $5/member/mo flat,5,1.8,,,,,,,,,,,,,,,,,https://www.expensify.com/pricing,,,"Pricing restructured Apr 2025: Collect $5/mo flat. Control $9 annual+Card, $18 annual no-Card, $36 PAYG. SCIM requires manual activation via concierge@expensify.com.",,2026-06-12,,
Figma,figma,,gated,Enterprise,Enterprise: $90/full seat/mo (annual),90,Professional,Professional: $16/full seat/mo,16,5.6,,,,,,,,,,,,,,,,,https://www.figma.com/pricing/,,,"Full seat tiers: Starter free, Professional $16, Organization $55, Enterprise $90. SCIM role assignment and seat management exclusive to Enterprise.",,2026-06-12,,
Fivetran,fivetran,,gated,Enterprise,Contact Sales (~33% premium over Standard),,Standard,Standard: usage-based (MAR per connector),,,,,,,,,,,,,,,,,,,https://www.fivetran.com/pricing,,,Consumption-based (MAR). SCIM and SSO on Enterprise. Business Critical adds PCI/HIPAA. 2026: MAR now per-connector.,,2026-06-12,,
Formstack,formstack,,gated,Enterprise,Contact Sales,,Forms,"Forms: $83/mo flat (1 builder, 25 forms)",,,,,,,,,,,,,,,,,,,https://www.formstack.com/pricing,,,Flat-rate by builder seats/form limits. SCIM exists on Enterprise tier (Salesforce Solutions and Enterprise per docs). Suite $250+/mo adds documents/sign.,,2026-06-12,,
Frame.io,frame-io,,gated,Enterprise (via Adobe Admin Console),Contact Sales,,Pro,Pro: $15/member/mo,15,,,,,,,,,,,,,,,,,,https://frame.io/pricing,,,"Free plan exists. Pro $15, Team $25 per member/mo. Enterprise V4 migrates to Adobe Admin Console which provides SCIM (Azure/Google Workspace IdPs only). No SCIM on Pro/Team.",,2026-06-12,,
Freshdesk,freshdesk,,gated,Enterprise,Enterprise: $89/agent/mo (annual),89,Growth,Growth: $19/agent/mo (annual),19,4.7,,,,,,,,,,,,,,,,,https://www.freshworks.com/freshdesk/pricing/,,,"Free tier exists. Growth $19, Pro $55, Enterprise $89 per agent/mo annual. SCIM provisions only agents (not end-user contacts), Enterprise-only.",,2026-06-12,,
Freshservice,freshservice,,gated,Pro,Pro: $99/agent/mo (annual),99,Starter,Starter: $19/agent/mo (annual),19,5.2,,,,,,,,,,,,,,,,,https://www.freshworks.com/freshservice/pricing/,,,"Starter $19, Growth $49, Pro $99, Enterprise custom. SCIM on Pro (via Azure/Okta/OneLogin marketplace apps) and Enterprise.",,2026-06-12,,
Front,front,,gated,Scale,Scale: $99/seat/mo (annual),99,Starter,Starter: $19/seat/mo,19,5.2,,,,,,,,,,,,,,,,,https://front.com/pricing,,,"Starter $19, Growth $59, Scale $99 per seat/mo, Premier custom. SAML SSO and SCIM on Scale and Premier only. Annual-only on those tiers.",,2026-06-12,,
FullStory,fullstory,,gated,Enterprise,Contact Sales (~$80K+/yr),,Business,"Business: ~$10-25K/yr (custom, session-based)",,,,,,,,,,,,,,,,,,,https://www.fullstory.com/pricing/,,,Session-volume pricing. No public list. SCIM 2.0 endpoint requires Enterprise plan + active SAML SSO. Enterprise typically $80-200K+/yr.,,2026-06-12,,
Gainsight,gainsight,,gated,Enterprise,Contact Sales (~$300/u/mo),,Essentials,Essentials: ~$150/u/mo (quote-based),150,,,,,,,,,,,,,,,,,,https://www.gainsight.com/pricing/,,,Pricing is quote-based; third-party sources cite Essentials ~$150/u/mo and Enterprise ~$300/u/mo. SCIM is Enterprise-only and requires SAML SSO.,,2026-06-12,,
GatherContent / Bynder,gathercontent-bynder,,gated,Enterprise,Contact Sales,,Small Business,"~$450/mo flat starter (500 GB, seat-based)",,,,,,,,,,,,,,,,,,,https://www.bynder.com/en/pricing/,,,Bynder lists no public per-user pricing; SMB starter ~$450/mo (500GB). SCIM supported (Azure SCIM docs) and aligned to Enterprise/SSO tier. Status moved from unknown to gated.,,2026-06-12,,
Genetec Security Center,genetec-security-center,,gated,Premium,Contact Sales (Premium plan),,Standard,Standard: $149/yr/device (~$12.42/device/mo),,,,,,,,,,,,,,,,,,,https://www.genetec.com/products/unified-security/security-center-saas/saas-pricing,,,"Priced per-device, not per-user. SCIM 2.0 auto-provisioning is gated to Premium plan per Genetec docs.",,2026-06-12,,
GetResponse,getresponse,,none,—,—,,Starter,Starter: ~$19/mo flat (1k contacts),,,,,,,,,,,,,,,,,,,https://www.getresponse.com/pricing,,,"Contact-based pricing, not per-user. No SCIM provisioning publicly documented on any tier including MAX (enterprise).",,2026-06-12,,
GitBook,gitbook,,none,—,—,,Premium,Premium: $65/site/mo + $12/u/mo,12,,,,,,,,,,,,,,,,,,https://www.gitbook.com/pricing,,,GitBook supports SAML SSO with JIT provisioning on Enterprise but does NOT support SCIM at any tier. Status changed from unknown to none.,,2026-06-12,,
GitHub,github,,gated,Enterprise,Enterprise: $21/u/mo,21,Team,Team: $4/u/mo,4,5.3,,,,,,,,,,,,,,,,,https://github.com/pricing,,,Pricing unchanged. SCIM provisioning is Enterprise-only.,,2026-06-12,,
GitKraken,gitkraken,,gated,Enterprise,Contact Sales (~$20/u/mo),,Pro,Pro: $4.95/u/mo,4.95,,,,,,,,,,,,,,,,,,https://www.gitkraken.com/pricing,,,"Status changed from none to gated. GitKraken Enterprise tier adds SCIM provisioning and advanced multi-domain SSO; quote-based, est. $15-25/u/mo.",,2026-06-12,,
GitLab,gitlab,,gated,Premium,Premium: $29/u/mo (SCIM included),29,Premium,Premium: $29/u/mo,29,1,,,,,,,,,,,,,,,,,https://about.gitlab.com/pricing/,,,Free tier has no SCIM. SCIM is included starting at Premium ($29/u/mo SaaS). Premium is both the lowest paid tier and the SCIM tier.,,2026-06-12,,
Gong,gong,,gated,Enterprise,Contact Sales,,Foundation,Foundation: ~$108-119/u/mo (quote-based),,,,,,,,,,,,,,,,,,,https://www.gong.io/pricing/,,,All pricing quote-based with $5K-$50K platform fee. SCIM is Enterprise-only and requires SAML SSO.,,2026-06-12,,
Google Workspace,google-workspace,,free,Business Starter,$7/u/mo (SCIM API on all plans),7,Business Starter,Business Starter: $7/u/mo,7,,,,,,,,,,,,,,,,,,https://workspace.google.com/pricing,,,Google Workspace acts as both IdP and SP. SCIM API support available across all paid plans starting at $7/u/mo.,,2026-06-12,,
Grafana Cloud,grafana-cloud,,gated,Advanced,Advanced: Contact Sales (~$25k/yr),,Pro,Pro: $19/mo base + usage,,,,,,,,,,,,,,,,,,,https://grafana.com/pricing/,,,SCIM (Okta/Entra) is GA in Grafana Cloud Advanced/Enterprise tiers (Feb 2026 announcement). Pro is usage-based. Advanced is custom-quoted ~$25k/yr starting.,,2026-06-12,,
Grammarly Business,grammarly-business,,gated,Enterprise,Contact Sales,,Business,Business: $15/u/mo (annual),15,,,,,,,,,,,,,,,,,,https://www.grammarly.com/plans,,,"SCIM provisioning is Enterprise-only (request via CSM). Requires SAML SSO. Supported IdPs: Okta, Azure AD, OneLogin.",,2026-06-12,,
Greenhouse,greenhouse,,gated,Plus / Pro,Contact Sales,,Core,"Core: Contact Sales (~$6,500/yr starting)",,,,,,,,,,,,,,,,,,,https://www.greenhouse.com/pricing,,,"Plans renamed to Core/Plus/Pro. All pricing is quote-based. SCIM user provisioning available on higher tiers; pricing tied to headcount, not seats.",,2026-06-12,,
Gusto,gusto,,none,—,—,,Simple,Simple: $49/mo + $6/emp,,,,,,,,,,,,,,,,,,,https://gusto.com/pricing,,,Gusto does not support inbound SCIM provisioning on any plan; only JIT via SAML SSO. Plus/Premium can push data outbound but not receive SCIM from an IdP.,,2026-06-12,,
Hatz.ai,hatz-ai,,gated,SMB / Professional / Business,Contact Sales,,SMB,Quote-based (MSP channel),,,,,,,,,,,,,,,,,,,https://hatz.ai,,,Hatz AI supports SAML SSO + SCIM provisioning starting at SMB tier or higher. Pricing is quote-based through MSP partner channel. Status moved from unknown to gated.,,2026-06-12,,
HelloSign / Dropbox Sign,hellosign-dropbox-sign,,none,—,—,,Essentials,Essentials: $15/mo (single user),15,,,,,,,,,,,,,,,,,,https://sign.dropbox.com/products/dropbox-sign/pricing,,,Dropbox Sign does not natively support SCIM per Dropbox documentation. SAML SSO available but no SCIM at any tier.,,2026-06-12,,
Help Scout,help-scout,,none,—,—,,Standard,Standard: $25/u/mo (annual),25,,,,,,,,,,,,,,,,,,https://www.helpscout.com/pricing/,,,Help Scout supports SAML SSO with IdP-side provisioning only; does not support SCIM (no Service Provider provisioning).,,2026-06-12,,
Heroku,heroku,,none,—,—,,Eco,Eco: $5/mo flat,,,,,,,,,,,,,,,,,,,https://www.heroku.com/pricing/,,,Heroku Enterprise supports SAML SSO but SCIM is still on the roadmap (not GA per heroku/roadmap issue #149). Status changed from gated to none. Only JIT via SSO.,,2026-06-12,,
Hex,hex,,gated,Enterprise,Contact Sales,,Professional,Professional: $36/editor/mo,36,,,,,,,,,,,,,,,,,,https://hex.tech/pricing,,,SCIM provisioning is Enterprise-only at Hex; Team plan ($75/editor/mo) does not include SCIM. Status changed from unknown to gated.,,2026-06-12,,
HiBob,hibob,,free,All plans,Contact Sales (included),,Core HRIS,Contact Sales (~$10-15/emp/mo typical),,,,,,,,,,,,,,,,,,,https://www.hibob.com/pricing/,,,HiBob includes native SCIM 2.0 support on all plans (requires SSO configured first). All pricing is quote-based.,,2026-06-12,,
Hootsuite,hootsuite,,gated,Enterprise,"Contact Sales (~$1,800-2,000/u/mo)",,Standard,Standard: $99/u/mo,99,,,,,,,,,,,,,,,,,,https://www.hootsuite.com/plans,,,"Status changed from none to gated. Hootsuite supports SCIM 2.0 on Enterprise only ($15k/yr minimum + ~$1,800-2,000/u/mo).",,2026-06-12,,
HubSpot,hubspot,,gated,Enterprise,Enterprise: $150/seat/mo,150,Starter,Starter: $20/seat/mo,20,7.5,,,,,,,,,,,,,,,,,https://www.hubspot.com/pricing,,,"SCIM is technically available on Professional, but SSO (required for SCIM) is Enterprise-only. Effective requirement is Enterprise at $150/seat/mo, min 10 seats.",,2026-06-12,,
iManage,imanage,,none,—,—,,Cloud (base),Contact Sales (~$50-75/u/mo),,,,,,,,,,,,,,,,,,,https://imanage.com/product/,,,iManage does not support native SCIM provisioning per Stitchflow; manual user lifecycle via Cloud Control Center. Status changed from gated to none.,,2026-06-12,,
Incident.io,incident-io,,gated,Enterprise,Contact Sales (~$50/u/mo),,Team,Team: $15/u/mo (annual),15,,,,,,,,,,,,,,,,,,https://incident.io/pricing,,,"SCIM is Enterprise-only (typically 300+ users). User reports cite SCIM as a $5,000 add-on on top of Enterprise. Enterprise est. ~$50/u/mo.",,2026-06-12,,
Inedo ProGet,inedo-proget,,unknown,Enterprise,Contact Sales,,Basic,"Basic: Free (per-server, unlimited users)",0,,,,,,,,,,,,,,,,,,https://inedo.com/proget/pricing,,,Per-server licensing (not per-user). Enterprise adds SAML + LDAP/AD; SCIM not explicitly listed. Treated as unknown pending direct confirmation.,,2026-06-12,,
Instructure / Canvas,instructure-canvas,,gated,All institutional plans,Contact Sales,,Canvas Core,"Contact Sales (institutional, ~$3-12/user list)",,,,,,,,,,,,,,,,,,,https://www.instructure.com/canvas,,,New simplified tiers (Canvas Core / Plus / Next) announced 2026. All pricing remains Contact Sales / institutional only.,,2026-06-12,,
Intercom,intercom,,gated,Expert,Expert: $132/seat/mo,132,Essential,Essential: $29/seat/mo,29,4.6,,,,,,,,,,,,,,,,,https://www.intercom.com/pricing,,,SCIM gated to Expert tier. Fin AI resolutions priced separately ($0.99/resolution).,,2026-06-12,,
ISL Online,isl-online,,none,—,—,,Standard,Standard: $34.90/user/mo,34.9,,,,,,,,,,,,,,,,,,https://www.islonline.com/pricing/,,,Enterprise tier supports SAML SSO and LDAP/external auth but no native SCIM endpoint documented.,,2026-06-12,,
Jam,jam,,gated,Enterprise,Contact Sales,,Team,"Team: paid (per-user, custom)",,,,,,,,,,,,,,,,,,,https://jam.dev/pricing,,,Status updated from 'none' to 'gated': Jam now documents SSO + Directory Sync (SCIM-style provisioning) on Enterprise plan. Public per-seat prices not disclosed; sales-led.,,2026-06-12,,
JFrog,jfrog,,gated,Enterprise X,Enterprise X: $950/mo flat,,Pro (SaaS),Pro: $150/mo flat,,6.3,,,,,,,,,,,,,,,,,https://jfrog.com/pricing/,,,"Flat SaaS pricing, not per-user. SCIM available from Enterprise X tier ($950/mo) up. Multiplier computed against base monthly price.",,2026-06-12,,
Jobber,jobber,,none,—,—,,Core,Core: $29/mo (1 user),29,,,,,,,,,,,,,,,,,,https://www.getjobber.com/pricing/,,,"Status updated from 'unknown' to 'none': Jobber does not document native SCIM. Third-party IdPs (OneLogin) provide SAML SSO + provisioning, but no native SCIM endpoint. Core plan dropped to $29/mo.",,2026-06-12,,
JumpCloud,jumpcloud,,free,Free,Free (up to 10 users),0,Free,Free (up to 10 users / 10 devices),0,,,,,,,,,,,,,,,,,,https://jumpcloud.com/pricing,,,"JumpCloud is itself an identity platform; SCIM and SSO are core offerings. Free tier covers up to 10 users; paid plans Device Mgmt $11/u/mo, SSO $13/u/mo.",,2026-06-12,,
JustCall,justcall,,none,—,—,,Team,Team: $29/u/mo (annual),29,,,,,,,,,,,,,,,,,,https://justcall.io/pricing/,,,"No native SCIM provisioning documented on any tier. Business plan (custom, 10+ seats) adds HIPAA but no SCIM listed.",,2026-06-12,,
Keeper Security,keeper-security,,gated,Enterprise,Enterprise: ~$6/u/mo (Contact Sales),6,Business,Business: $4/u/mo,4,1.5,,,,,,,,,,,,,,,,,https://www.keepersecurity.com/pricing/business-and-enterprise.html,,,"Pricing now more transparent: Business Starter $2/u/mo, Business $4/u/mo, Enterprise ~$6/u/mo (~$72/u/yr). SCIM gated to Enterprise. Status 'gated' unchanged but published list prices replace prior 'Contact Sales' both sides.",,2026-06-12,,
Kiwi TCMS,kiwi-tcms,,none,—,—,,Self Support,Self Support: $25/mo flat,,,,,,,,,,,,,,,,,,,https://kiwitcms.org/pricing/,,,Flat-rate per-instance subscriptions. Private Tenant $75/mo and Enterprise $400/mo do not document SCIM; login methods cannot be configured per-tenant.,,2026-06-12,,
Klaviyo,klaviyo,,gated,Any paid Email plan,Included from $20/mo (must enable SAML SSO first),,Email (first paid),Email: ~$20/mo (251-500 contacts),,1,,,,,,,,,,,,,,,,,https://www.klaviyo.com/pricing,,,"SCIM included on all paid plans (any Email plan from $20/mo). Free tier (up to 250 contacts) does not include SCIM. Contact-based, not seat-based pricing.",,2026-06-12,,
KnowBe4,knowbe4,,free,Silver (all tiers),Included Silver+: $1.30/seat/mo,1.3,Silver,Silver: $1.30/seat/mo (list),1.3,1,,,,,,,,,,,,,,,,,https://www.knowbe4.com/products/security-awareness-training/pricing,,,"SSO/SAML and SCIM provisioning included with all subscription tiers (Silver through Diamond). No SSO tax. List prices Silver $1.30, Gold $1.51, Platinum $1.78, Diamond $2.35/seat/mo.",,2026-06-12,,
Kubecost / Apptio,kubecost-apptio,,none,—,—,,Free,"Free (single-cluster, unlimited nodes)",0,,,,,,,,,,,,,,,,,,https://www.apptio.com/products/kubecost/,,,Now IBM Kubecost under Apptio. Enterprise tier adds SSO/SAML/RBAC but no SCIM endpoint documented. Business starts ~$449/mo.,,2026-06-12,,
LastPass,lastpass,,gated,Business,Business: $7/u/mo,7,Teams,Teams: ~$4/u/mo (under 50 users),4,1.8,,,,,,,,,,,,,,,,,https://www.lastpass.com/pricing,,,SCIM included in Business plan at $7/u/mo (includes SSO portal for 3 apps). Business + Add-Ons $9/u/mo adds unlimited SSO.,,2026-06-12,,
Later,later,,none,—,—,,Starter,Starter: $18.75/mo (annual),,,,,,,,,,,,,,,,,,,https://later.com/pricing/,,,Plans restructured (Starter/Growth/Scale; Advanced/Agency tiers retired). Starter dropped from $25 to $18.75/mo annual. Flat per-account pricing. No SCIM provisioning documented at any tier. Status updated from 'unknown' to 'none'.,,2026-06-12,,
Lattice,lattice,,free,All products,Included on all products,11,Performance + OKRs Bundle,"$11/seat/mo (min $4,000/yr)",11,1,,,,,,,,,,,,,,,,,https://lattice.com/pricing,,,SSO and SCIM included on every product/plan. No SSO tax. $4K minimum annual commitment.,,2026-06-12,,
LaunchDarkly,launchdarkly,,gated,Enterprise,Contact Sales,,Foundation,Foundation: $10/service connection/mo (annual),,,,,,,,,,,,,,,,,,,https://launchdarkly.com/pricing/,,,Per-service-connection pricing (not per-user). Foundation includes SSO; SCIM and release automation gated to Enterprise/Guardian (custom).,,2026-06-12,,
Leapsome,leapsome,,gated,Enterprise,Contact Sales,,Standard (volume-tiered),$3-7/u/mo (volume-tiered),7,,,,,,,,,,,,,,,,,,https://www.leapsome.com/pricing,,,"SCIM gated to Enterprise plan and requires SSO. Base pricing volume-tiered: 1-10 users $7/u/mo, 100-500 $5/u/mo, 1000+ $3/u/mo.",,2026-06-12,,
Lever,lever,,gated,LeverTRM for Enterprise,Contact Sales (~2-3x LeverTRM base),,LeverTRM,LeverTRM: ~$6K-12K/yr (Contact Sales),,,,,,,,,,,,,,,,,,,https://www.lever.co/pricing/,,,Lever has Okta-certified SCIM integration (incl. Aquera HR-as-master connector). All pricing remains Contact Sales; Enterprise tier required for SCIM.,,2026-06-12,,
Linear,linear,,gated,Enterprise,Contact Sales (~$192-240/u/yr),,Basic,Basic: $10/u/mo (annual),10,,,,,,,,,,,,,,,,,,https://linear.app/pricing,,,SAML SSO and SCIM remain Enterprise-only (custom pricing). Business at $16/u/mo does NOT include SCIM. Annual billing required.,,2026-06-12,,
LinearB,linearb,,gated,Enterprise,Enterprise: $549/contributor/yr (~$45.75/mo),45.75,Pro / Essentials,Pro: $420/contributor/yr (~$35/mo),35,1.3,,,,,,,,,,,,,,,,,https://linearb.io/pricing,,,SCIM supported only with Okta; Microsoft Entra and Google Workspace not supported. SSO/SCIM must be enabled by LinearB support.,,2026-06-12,,
Litmus,litmus,,none,—,—,,Core,Core: $500/mo (Basic tier eliminated Aug 2025),,,,,,,,,,,,,,,,,,,https://www.litmus.com/pricing,,,Basic ($99/mo) and Plus ($199/mo) plans eliminated; Core now $500/mo entry point (151% increase). Enterprise tier offers SAML SSO but SCIM not documented. Now Validity-owned.,,2026-06-12,,
LiveAgent,liveagent,,none,—,—,,Small,Small: $15/agent/mo,15,,,,,,,,,,,,,,,,,,https://www.liveagent.com/pricing/,,,"Large tier ($49/agent/mo) adds SSO + custom roles + audit log, but no native SCIM provisioning documented at any tier.",,2026-06-12,,
LogRocket,logrocket,,none,—,—,,Core,"Core: from $69/mo (volume-based, not per-user)",,,,,,,,,,,,,,,,,,,https://logrocket.com/pricing/,,,"Volume/session-based pricing, not per-user. No native SCIM at any tier; Enterprise includes SSO/SAML but not SCIM.",,2026-06-12,,
Loom,loom,,gated,Enterprise (includes Atlassian Guard Standard),Contact Sales,,Business,Business: $18/u/mo,18,,,,,,,,,,,,,,,,,,https://www.loom.com/pricing,,,"SCIM delivered via Atlassian Guard Standard, bundled free in Enterprise. Guard Standard $4/u/mo if added standalone with Business.",,2026-06-12,,
Lucidchart,lucidchart,,gated,Enterprise,Contact Sales (~$199/u/yr list),,Team,Team: $9/u/mo,9,,,,,,,,,,,,,,,,,,https://lucid.app/pricing/lucidchart,,,Enterprise list ~$199/u/yr (~$16.6/u/mo) with volume discounts; quoted by sales.,,2026-06-12,,
Mailchimp,mailchimp,,partial,Add-on (Aquera connector via Okta only),Contact Sales,,Essentials,Essentials: from $13/mo (500 contacts),,,,,,,,,,,,,,,,,,,https://mailchimp.com/pricing/,,,No native SCIM. Provisioning only via third-party Aquera connector through Okta. Contact-based pricing.,,2026-06-12,,
Mailgun,mailgun,,none,—,—,,Foundation,Foundation: $35/mo,,,,,,,,,,,,,,,,,,,https://www.mailgun.com/pricing/,,,"SAML SSO on Scale+ with JIT provisioning but no native SCIM. Volume-based pricing, not per-user.",,2026-06-12,,
Mailjet,mailjet,,none,—,—,,Essential,Essential: $17/mo,,,,,,,,,,,,,,,,,,,https://www.mailjet.com/pricing/,,,No native SCIM as of 2026-06. SSO requires Premium 100k+ (~$280/mo). Volume-based pricing.,,2026-06-12,,
Mailtrap,mailtrap,,none,—,—,,Basic,Basic: from $15/mo,,,,,,,,,,,,,,,,,,,https://mailtrap.io/pricing/,,,Enterprise plan (~$750/mo) includes SAML SSO with JIT provisioning but no native SCIM. Volume-based pricing.,,2026-06-12,,
MaintainX,maintainx,,none,—,—,,Essential,Essential: $16/u/mo (annual),16,,,,,,,,,,,,,,,,,,https://www.getmaintainx.com/pricing,,,SSO (SAML/OIDC via Okta) on Enterprise but no native SCIM provisioning documented.,,2026-06-12,,
Mattermost,mattermost,,partial,Professional (AD/LDAP sync); full SCIM on Enterprise,$10/u/mo (Professional),10,Professional,Professional: $10/u/mo,10,1,,,,,,,,,,,,,,,,,https://mattermost.com/pricing/,,,Professional includes AD/LDAP sync + SAML SSO. Full SCIM provisioning typically gated to Enterprise (Contact Sales).,,2026-06-12,,
Metabase,metabase,,gated,Enterprise,Contact Sales (starts at $20k/yr),,Starter,Starter: $100/mo + $6/u (5 users included),6,,,,,,,,,,,,,,,,,,https://www.metabase.com/pricing,,,"Status changed: SCIM provisioning moved to Enterprise (custom, from $20k/yr) and no longer on Pro. Pro still has SSO/SAML.",,2026-06-12,,
Microsoft 365,microsoft-365,,free,Included via Microsoft Entra ID (free tier supports SCIM),Included,0,Business Basic,Business Basic: $6/u/mo (rises to $7 July 2026),6,,,,,,,,,,,,,,,,,,https://www.microsoft.com/en-us/microsoft-365/business/compare-all-plans,,,M365 acts as IdP via Entra. Outbound SCIM provisioning to other apps available even on free Entra tier. Status remains 'free'.,,2026-06-12,,
Miro,miro,,gated,Enterprise,Contact Sales (30+ members),,Starter,Starter: $8/u/mo (annual),8,,,,,,,,,,,,,,,,,,https://miro.com/pricing/,,,SCIM automation is Enterprise-only.,,2026-06-12,,
Mixpanel,mixpanel,,gated,Enterprise,Contact Sales (~$25K+/yr),,Growth,"Growth: free up to 1M events, then $0.28/1K events",,,,,,,,,,,,,,,,,,,https://mixpanel.com/pricing/,,,"Event-volume pricing, not per-user. SAML SSO and SCIM provisioning exclusive to Enterprise.",,2026-06-12,,
Monday.com,monday-com,,gated,Enterprise,Contact Sales (~$40/seat/mo),,Basic,Basic: $9/seat/mo,9,,,,,,,,,,,,,,,,,,https://monday.com/pricing/,,,SCIM provisioning gated to Enterprise. Typical Enterprise ACV ~$480/u/yr (~$40/seat/mo).,,2026-06-12,,
Multi,multi,,none,—,—,,,—,,,,,,,,,,,,,,,,,,,https://multi.app,,,Could not verify on 2026-06-12 (Multi was discontinued; team joined OpenAI in 2024). No current product/pricing.,,2026-06-12,,
Mural,mural,,gated,Enterprise,Contact Sales,,Team+,Team+: $9.99/u/mo (annual),9.99,,,,,,,,,,,,,,,,,,https://www.mural.co/pricing,,,"SCIM provisioning is Enterprise-only along with multi-workspace, audit logs, BYOK.",,2026-06-12,,
n8n,n8n,,partial,Enterprise,Contact Sales,,Starter,Starter: EUR 24/mo,,,,,,,,,,,,,,,,,,,https://n8n.io/pricing/,,,Execution-based pricing. SSO/SAML and SCIM provisioning gated to Enterprise (custom).,,2026-06-12,,
NationBuilder,nationbuilder,,none,—,—,,Starter,Starter: $34/mo,,,,,,,,,,,,,,,,,,,https://nationbuilder.com/pricing,,,SAML SSO available on Enterprise but no documented SCIM provisioning support.,,2026-06-12,,
Netlify,netlify,,gated,Enterprise,Contact Sales,,Pro,Pro: $20/mo per member,20,,,,,,,,,,,,,,,,,,https://www.netlify.com/pricing/,,,SSO and SCIM exclusive to Enterprise plan.,,2026-06-12,,
NetSuite,netsuite,,none,—,—,,,Contact Sales,,,,,,,,,,,,,,,,,,,https://www.netsuite.com/portal/products.shtml,,,"Status changed from 'gated' to 'none'. NetSuite has no native SCIM endpoint; provisioning only via proprietary API or third-party connectors (Okta, Aquera, Ping). All pricing Contact Sales.",,2026-06-12,,
New Relic,new-relic,,gated,Pro or Enterprise,Pro: from $349/full-user/mo,349,Standard,Standard: from $10/mo (usage-based),,,,,,,,,,,,,,,,,,,https://newrelic.com/pricing,,,Status changed from 'unknown' to 'gated'. SCIM provisioning requires Pro or Enterprise edition per New Relic docs. Per-user pricing applies to full-platform users.,,2026-06-12,,
Notion,notion,,gated,Enterprise,Contact Sales,,Plus,Plus: $10/member/mo,10,,,,,,,,,,,,,,,,,,https://www.notion.com/pricing,,,SCIM API only available on Enterprise. Pricing page redirects from notion.so to notion.com.,,2026-06-12,,
Okta,okta,,gated,Add-on (Lifecycle Management) or Essentials/higher,Contact Sales (~$4/u/mo add-on),4,Starter (SSO),Starter: $6/u/mo (SSO only),6,0.7,,,,,,,,,,,,,,,,,https://www.okta.com/pricing/,,,"Lifecycle Management add-on provides SCIM/provisioning at ~$4/u/mo. New Essentials tier ($17/u/mo) bundles advanced automation. $1,500/yr minimum.",,2026-06-12,,
OneSignal,onesignal,,none,—,—,,Growth,Growth: starts free; paid tiers volume-based,,,,,,,,,,,,,,,,,,,https://onesignal.com/pricing,,,Status changed from 'unknown' to 'none'. OneSignal supports SAML/OIDC SSO on Enterprise but explicitly does NOT support SCIM provisioning/deprovisioning via IdP; users must be invited manually.,,2026-06-12,,
OpenAI / ChatGPT,openai-chatgpt,,gated,Enterprise,Contact Sales,,Business,Business: $20/u/mo (annual),20,,,,,,,,,,,,,,,,,,https://openai.com/chatgpt/pricing,,,"Business plan cut from $25 to $20/u/mo on annual billing (Apr 2026). SCIM only on Enterprise (~150-seat min, contact sales, est. $60+/u/mo).",,2026-06-12,,
OpsGenie,opsgenie,,partial,Add-on (Atlassian Guard Standard) + Essentials,+$4/u/mo add-on,4,Essentials,Essentials: $9.45/u/mo (annual),9.45,0.4,,,,,,,,,,,,,,,,,https://www.atlassian.com/software/opsgenie/pricing,,,"New signups have ended; Opsgenie reaches EOL April 5, 2027. Atlassian Guard Standard ($4/u/mo) required for SCIM. Multiplier is add-on cost vs base plan.",,2026-06-12,,
OrbStack,orbstack,,none,—,—,,Pro,Pro: $8/u/mo,8,,,,,,,,,,,,,,,,,,https://orbstack.dev/pricing,,,Enterprise tier offers SAML SSO but SCIM is not listed at any tier.,,2026-06-12,,
Otter.ai,otter-ai,,gated,Enterprise,Contact Sales,,Pro,Pro: $8.33/u/mo (annual),8.33,,,,,,,,,,,,,,,,,,https://otter.ai/pricing,,,SCIM requires a 100-user minimum on Enterprise. Business tier ($19.99/u/mo) does not include SCIM.,,2026-06-12,,
Outreach,outreach,,gated,Enterprise (opaque),Contact Sales,,,Contact Sales,,,,,,,,,,,,,,,,,,,https://www.outreach.io/pricing,,,All pricing opaque. Per-seat estimates $100-160/u/mo. SCIM available to admins on enterprise contracts.,,2026-06-12,,
Overleaf,overleaf,,none,—,—,,Group Standard,Group Standard: $199/u/yr (~$16.58/u/mo),16.58,,,,,,,,,,,,,,,,,,https://www.overleaf.com/user/subscription/plans,,,"Overleaf does not support SCIM by design; SSO available but provisioning is user-initiated. Group Standard $199/u/yr, Group Professional $399/u/yr.",,2026-06-12,,
PagerDuty,pagerduty,,gated,Business,Business: $41/u/mo,41,Professional,Professional: $21/u/mo,21,2,,,,,,,,,,,,,,,,,https://www.pagerduty.com/pricing/,,,Status changed from free to gated. Native SCIM now requires Business or Enterprise plan; Professional tier does not include SCIM.,,2026-06-12,,
PagerTree,pagertree,,unknown,—,—,,Pro,Pro: $10/u/mo,10,,,,,,,,,,,,,,,,,,https://pagertree.com/pricing/,,,"Plans: Basic (free), Pro $10, Elite $15, Enterprise $25 per user/mo. SAML SSO supported, but no public confirmation of native SCIM endpoint.",,2026-06-12,,
PandaDoc,pandadoc,,gated,Enterprise,Contact Sales,,Starter,Starter: $19/u/mo (annual),19,,,,,,,,,,,,,,,,,,https://www.pandadoc.com/pricing/,,,Entry paid plan renamed Essentials to Starter ($19/u/mo annual). SCIM (1.1 only) requires Enterprise + active SSO. Business plan is $49/u/mo.,,2026-06-12,,
Pendo,pendo,,gated,Pulse / Ultimate (Premium),Contact Sales (~$48K+/yr),,Free,Free,0,,,,,,,,,,,,,,,,,,https://www.pendo.io/pricing/,,,"Pendo is MAU-priced, not per-seat. SCIM only on Premium/Pulse/Ultimate tiers or as paid add-on. Median contract ~$48.5K/yr.",,2026-06-12,,
Personio,personio,,none,—,—,,Essential,Essential: ~$5/emp/mo,5,,,,,,,,,,,,,,,,,,https://www.personio.com/pricing/,,,"No public price list; estimates from Vendr/ITQlick put Essential ~$5-7, Professional ~$8-10, Enterprise ~$12-15/emp/mo. Personio acts as HR source-of-truth pushing to IdP, but does not accept SCIM provisioning inbound.",,2026-06-12,,
Phrase,phrase,,unknown,—,—,,Team,"Team: $1,245/mo flat (annual)",,,,,,,,,,,,,,,,,,,https://phrase.com/pricing/,,,"Pricing is per-seat bundle (TMS/Strings seats), not per-user. SCIM is not publicly documented on any plan. Contact Sales for Business/Enterprise.",,2026-06-12,,
Pingboard,pingboard,,unknown,—,—,,Essentials,Essentials: ~$3-4/emp/mo,4,,,,,,,,,,,,,,,,,,https://pingboard.com/pricing,,,"List pricing not on public page; estimates Essentials ~$3-4, Pro ~$5-7/emp/mo. Native SCIM provisioning unclear; integrates with Okta/OneLogin for sync but no official SCIM endpoint advertised.",,2026-06-12,,
Pipedrive,pipedrive,,gated,Ultimate,Ultimate: $79/seat/mo (annual),79,Lite,Lite: $14/seat/mo (annual),14,5.6,,,,,,,,,,,,,,,,,https://www.pipedrive.com/en/pricing,,,Status changed from none to gated. Pipedrive top-tier Ultimate (previously Enterprise) now includes SCIM for user provisioning at $79/seat/mo annual.,,2026-06-12,,
Pitch,pitch,,unknown,—,—,,Pro,Pro: $20/u/mo (or $17 annual),17,,,,,,,,,,,,,,,,,,https://pitch.com/pricing/us,,,SSO available on Enterprise or Business with 30+ seats (via WorkOS). Native SCIM provisioning not publicly documented.,,2026-06-12,,
Pivotal Tracker,pivotal-tracker,,gated,Enterprise,Contact Sales,,Startup,Startup: ~$1/u/mo (6-10 users),1,,,,,,,,,,,,,,,,,,https://www.pivotaltracker.com/pricing,,,Product winding down (shutdown announced Sept 2024); shifting to Enterprise-only. Standard plan $6.50/u/mo (11+ users); Startup $1/u/mo for 6-10.,,2026-06-12,,
Plane,plane,,gated,Enterprise Grid,Contact Sales,,Pro,Pro: $6/seat/mo,6,,,,,,,,,,,,,,,,,,https://plane.so/pricing,,,"Status changed from unknown to gated. Plane Enterprise (custom pricing) explicitly includes SCIM + LDAP provisioning, SAML, and OIDC. Business tier $13/seat/mo does not list SCIM.",,2026-06-12,,
Plausible,plausible,,none,—,—,,Starter,Starter: $9/mo flat (10k PVs),2,,,,,,,,,,,,,,,,,,https://plausible.io/#pricing,,,Status changed from unknown to none. Plausible Enterprise includes SAML SSO but explicitly does NOT include SCIM provisioning. Flat pricing normalized to ~$2/u/mo for small team.,,2026-06-12,,
Playvox,playvox,,unknown,—,—,,Starter,Starter: ~$15/u/mo,15,,,,,,,,,,,,,,,,,,https://www.playvox.com/pricing/,,,"Three tiers (Starter ~$15, Professional ~$30, Enterprise ~$40 per agent/mo). SCIM provisioning not publicly documented; identity management reserved for Enterprise/custom quotes.",,2026-06-12,,
Pluralsight Skills,pluralsight-skills,,gated,Enterprise,Enterprise: $779/u/yr (~$64.92/u/mo),64.92,Starter,Starter: $399/u/yr (~$33.25/u/mo),33.25,2,,,,,,,,,,,,,,,,,https://www.pluralsight.com/businesses/pricing,,,"Status changed from unknown to gated. Three team tiers: Starter $399, Professional $579, Enterprise $779/u/yr. SSO + SCIM provisioning standard on Enterprise; may be add-on for Professional.",,2026-06-12,,
Postman,postman,,gated,Enterprise,Enterprise: $49/u/mo (annual),49,Team,Team: $19/u/mo (annual),19,2.6,,,,,,,,,,,,,,,,,https://www.postman.com/pricing/,,,"Plans now: Free, Solo $9, Team $19, Enterprise $49 per user/mo (annual). SCIM exclusive to Enterprise. Team plan replaces previous Basic ($14).",,2026-06-12,,
Prerender,prerender,,none,—,—,,Starter,Starter: $49/mo flat,,,,,,,,,,,,,,,,,,,https://prerender.io/pricing/,,,"Free plan discontinued Oct 2025; replaced by 30-day Starter trial. New tiers: Starter $49, Growth, Pro $349/mo; Enterprise/Enterprise Plus custom. Usage-based (renders), not per-seat. No SCIM documented.",,2026-06-12,,
Prismic,prismic,,unknown,Enterprise,Contact Sales,,Starter,Starter: $10/mo per repo,,,,,,,,,,,,,,,,,,,https://prismic.io/pricing,,,"Per-repository pricing (not per-user): Free, Starter $10, Small $25, Medium $150, Platinum $675/mo, Enterprise custom. SSO documented on Enterprise; SCIM not explicitly listed on any tier.",,2026-06-12,,
Process Street,process-street,,gated,Enterprise,Contact Sales,,Startup,Startup: $100/mo flat (5 users) ~$20/u/mo,20,,,,,,,,,,,,,,,,,,https://www.process.st/pricing/,,,SCIM provisioning and SAML SSO are Enterprise-only (custom pricing). Pro plan starts $15/u/mo but does not include SCIM. Startup $100/mo flat for up to 5 users normalized to ~$20/u/mo.,,2026-06-12,,
Procore,procore,,none,—,—,,Essentials,"Contact Sales (ACV-based, ~$15K-$80K/yr)",,,,,,,,,,,,,,,,,,,https://www.procore.com/pricing,,,"Procore has no native SCIM endpoint per support docs; SAML SSO only. Status changed from 'partial' to 'none'. Pricing is Contact Sales, ACV-based with unlimited users.",,2026-06-12,,
Productboard,productboard,,gated,Enterprise,Contact Sales (~$350/maker/mo est.),,Spark,Spark: $15/maker/mo (annual),15,,,,,,,,,,,,,,,,,,https://www.productboard.com/pricing/,,,Pricing page now consolidated to single Spark tier at $15/maker/mo (annual). Enterprise tier still gates SCIM/SAML SSO/audit logs and is Contact Sales.,,2026-06-12,,
Pulumi,pulumi,,gated,Business Critical,Contact Sales (~$50K+ annual min),,Team,Team: $40/mo flat (up to 10 users),4,,,,,,,,,,,,,,,,,,https://www.pulumi.com/pricing/,,,SCIM is now on Business Critical tier per current docs (not Enterprise). Enterprise is $400/mo flat unlimited users. Team is $40/mo flat for up to 10 users (~$4/u/mo normalized).,,2026-06-12,,
QuickBooks Online,quickbooks-online,,none,—,—,,Simple Start,Simple Start: $38/mo,38,,,,,,,,,,,,,,,,,,https://quickbooks.intuit.com/pricing/,,,"No SCIM on any plan (Simple Start $38, Essentials, Plus, Advanced $275). No SAML/OIDC enterprise SSO either. Single-user/small-business focused.",,2026-06-12,,
Ramp,ramp,,free,Free,Included on Free plan,0,Free,Free: $0/u/mo,0,,,,,,,,,,,,,,,,,,https://ramp.com/pricing,,,"SCIM, SSO, and SAML included on all tiers including Free. Plus tier is $15/u/mo.",,2026-06-12,,
Raygun,raygun,,none,—,—,,Basic (Crash Reporting),Basic: $40/mo (annual),,,,,,,,,,,,,,,,,,,https://raygun.com/pricing,,,"Per-module volume pricing (not per-user). SAML SSO available as add-on/Business plan, but no SCIM publicly documented across any tier.",,2026-06-12,,
ReadMe,readme,,none,—,—,,Pro,"Pro: $250/mo (annual, flat)",,,,,,,,,,,,,,,,,,,https://readme.com/pricing,,,"ReadMe offers SAML SSO/OAuth on Business+/Enterprise but does not currently offer SCIM provisioning. Status changed from 'unknown' to 'none'. Enterprise starts $3,000+/mo. Pro is flat-priced.",,2026-06-12,,
Reclaim.ai,reclaim-ai,,gated,Enterprise,Enterprise: $22/seat/mo (monthly) or $18/seat/mo annual,22,Starter,Starter: $10/seat/mo (monthly) or $8/seat/mo annual,10,2.2,,,,,,,,,,,,,,,,,https://reclaim.ai/pricing,,,Now part of Dropbox (acquired Aug 2024). Pricing unchanged: Enterprise $22/seat/mo monthly adds SCIM + SSO + domain capture. Free Lite tier exists.,,2026-06-12,,
Recruitee,recruitee,,unknown,—,—,,Start,"Start: ~EUR 199-301/mo (annual), Contact Sales",,,,,,,,,,,,,,,,,,,https://recruitee.com/pricing,,,"Tellent Recruitee shows tier names (Start, Advance, Optimize) only; specific pricing not published. SAML SSO available on Optimize tier; SCIM not publicly documented. Could not fully verify SCIM availability on 2026-06-12.",,2026-06-12,,
Remote.com,remote-com,,gated,Enterprise/Scale,Contact Sales,,Contractor Management,Contractor: $29/contractor/mo,29,,,,,,,,,,,,,,,,,,https://remote.com/pricing,,,EOR is $599/emp/mo annual or $699 monthly. Contractor flat $29. SCIM publicly documented but plan/tier requirements remain Contact Sales-gated.,,2026-06-12,,
Resend,resend,,none,—,—,,Pro,Pro: $20-$35/mo (flat by volume),,,,,,,,,,,,,,,,,,,https://resend.com/pricing,,,"Volume-based pricing (Free 3K/mo, Pro $20+, Scale $90+, Enterprise custom). Enterprise mentions SSO but no SCIM documented at any tier.",,2026-06-12,,
Resource Guru,resource-guru,,none,—,—,,Grasshopper,Grasshopper: $4.16/person/mo (annual),4.16,,,,,,,,,,,,,,,,,,https://resourceguruapp.com/pricing,,,SSO/SAML available on Master plan ($10/person/mo) for 30+ users. No SCIM documented on any plan per pricing page and help docs. Status changed from 'unknown' to 'none'.,,2026-06-12,,
Retool,retool,,gated,Enterprise,Contact Sales,,Team,Team: $10/builder/mo + $5/end-user/mo,10,,,,,,,,,,,,,,,,,,https://retool.com/pricing,,,"Tiers: Free, Team ($10/builder), Business ($50/builder), Enterprise (custom). SAML SSO at Business; SCIM gated to Enterprise per Retool docs. Status changed from 'unknown' to 'gated'.",,2026-06-12,,
Retrium,retrium,,gated,Business,Business: $59/mo per team room,,Team,Team: $39/mo per team room,,1.5,,,,,,,,,,,,,,,,,https://www.retrium.com/pricing,,,"Flat per-team-room pricing, not per-user. Business plan ($59/room/mo) adds SAML SSO + SCIM (User Management SCIM API). Enterprise tier for 25+ teams. SCIM is at Business tier, not Enterprise; multiplier reflects $59/$39 flat.",,2026-06-12,,
Riddle,riddle,,none,—,—,,Essential,Essential: $59/mo (flat),,,,,,,,,,,,,,,,,,,https://www.riddle.com/pricing/,,,"Tiers: Essential $59, Pro $119, Business $249, Enterprise $749/mo (all flat, monthly). Enterprise includes SSO but no SCIM publicly documented.",,2026-06-12,,
RingCentral,ringcentral,,free,Core,Included on all paid plans,20,Core,Core: $20/u/mo (annual),20,1,,,,,,,,,,,,,,,,,https://www.ringcentral.com/office/plansandpricing.html,,,"SCIM 2.0 supported across all paid tiers (Core $20, Advanced $25, Ultra $35 annual). Caveat: licenses must be pre-purchased before SCIM can provision. 'Free' status reflects SCIM available at the cheapest paid tier.",,2026-06-12,,
Rippling,rippling,,gated,IAM module (add-on),Contact Sales (~+$8/u/mo IAM module),,Unity Platform (HRIS core),Core: ~$8/u/mo + $35/mo platform fee,8,,,,,,,,,,,,,,,,,,https://www.rippling.com/pricing,,,"Pricing publicly opaque (Contact Sales). IAM module ~$8/u/mo for SSO+SCIM, requires base Unity HRIS subscription. $2,000 implementation fee.",,2026-06-12,,
Rocket.Chat Cloud,rocket-chat-cloud,,gated,Enterprise,Contact Sales (~$10+/u/mo),,Starter (self-hosted free),"Starter: Free (self-hosted, <50 users)",0,,,,,,,,,,,,,,,,,,https://www.rocket.chat/pricing,,,Pro plan retired to legacy April 2026. Free Starter is self-hosted only. Enterprise gates SCIM. Status changed from 'none' to 'gated' as Enterprise supports SCIM via directory group mapping.,,2026-06-12,,
Rollbar,rollbar,,gated,Advanced,Advanced: ~$32.50-$99/mo (volume-based),,Essentials,Essentials: ~$15.83-$31/mo (volume-based),,2.1,,,,,,,,,,,,,,,,,https://rollbar.com/pricing/,,,"Volume-based pricing tied to event count, not per-user. Advanced ($32.50/mo) adds SAML SSO + SCIM provisioning. Multiplier ~2.1x at entry volume.",,2026-06-12,,
Row Zero,row-zero,,gated,Enterprise,Enterprise: starts ~$30/u/mo (Contact Sales),30,Pro,Pro: $12/u/mo,12,2.5,,,,,,,,,,,,,,,,,https://rowzero.com/pricing,,,Enterprise plans now publicly note SSO+SCIM+OAuth (Microsoft Entra SCIM docs available). Enterprise starts ~$30/u/mo per recent sources; still custom-quoted.,,2026-06-12,,
Rows,rows,,none,—,—,,Plus,Plus: $8/u/mo (monthly) or $6/u/mo (annual),8,,,,,,,,,,,,,,,,,,https://rows.com/pricing,,,"Tiers: Free, Plus $8/u, Pro $79+$8/u, Enterprise custom. SAML SSO at Pro+; no SCIM publicly documented. Status changed from 'unknown' to 'none'.",,2026-06-12,,
Runway,runway,,gated,Enterprise,Contact Sales,,Standard,Standard: $12/u/mo (annual) or $15 monthly,12,,,,,,,,,,,,,,,,,,https://runwayml.com/pricing,,,"Tiers: Free, Standard $12, Pro $28, Max/Unlimited $76, Enterprise custom. Enterprise includes SSO + compliance + workspace analytics; SCIM bundled with Enterprise.",,2026-06-12,,
Sage Intacct,sage-intacct,,none,—,—,,Base,"Contact Sales (~$12,000/yr minimum)",,,,,,,,,,,,,,,,,,,https://www.sage.com/en-us/sage-business-cloud/intacct/pricing/,,,No native SCIM endpoint. SAML SSO only via Okta/Entra. Provisioning requires third-party connector (Aquera) or custom XML API integration.,,2026-06-12,,
Salesforce,salesforce,,gated,Enterprise,Enterprise: $175/u/mo,175,Starter Suite,Starter: $25/u/mo,25,7,,,,,,,,,,,,,,,,,https://www.salesforce.com/pricing/,,,SCIM gated behind Enterprise edition. 7x jump from Starter ($25) to Enterprise ($175). Pro Suite ($100) sits between but does not include SCIM. Prices raised ~6% in late 2025.,,2026-06-12,,
Salesloft,salesloft,,gated,Premier (Enterprise),"Contact Sales (~$165-180/u/mo, ~$2,160/u/yr)",180,Essentials/Advanced,"~$125/u/mo (custom quote, ~$1,000/u/yr base)",125,1.4,,,,,,,,,,,,,,,,,https://www.salesloft.com/pricing/,,,Salesloft does not publish list pricing. Third-party data places base around $125/u/mo and SCIM-enabled Premier/Enterprise around $180/u/mo. SCIM requires Enterprise tier.,,2026-06-12,,
Sanity,sanity,,none,—,Not offered,,Growth,Growth: $15/u/mo,15,,,,,,,,,,,,,,,,,,https://www.sanity.io/pricing,,,"Sanity does not support SCIM on any plan. Relies on SAML role mapping for user provisioning. SAML SSO is a $1,399/mo Growth add-on or included in Enterprise.",,2026-06-12,,
Sauce Labs,sauce-labs,,gated,Enterprise,Contact Sales,,Live Testing,"Live Testing: $39/mo (concurrent VM, unlimited users)",,,,,,,,,,,,,,,,,,,https://saucelabs.com/pricing,,,"Sauce Labs prices by concurrent VM capacity, not per user (unlimited users on all plans). SCIM available via Okta integration on Enterprise tier. Multipliers not meaningful given consumption model.",,2026-06-12,,
ScreenCloud,screencloud,,gated,Enterprise,Contact Sales (25-screen minimum),,Core,Core: $20/screen/mo,20,,,,,,,,,,,,,,,,,,https://screencloud.com/pricing,,,"Priced per screen, not per user. SCIM, SSO, and API gated to Enterprise tier with 25-screen minimum.",,2026-06-12,,
Secureframe,secureframe,,gated,Complete,"Complete: ~$14,000-20,000/yr",,Fundamentals,"Fundamentals: ~$7,500-12,000/yr",,1.8,,,,,,,,,,,,,,,,,https://secureframe.com/pricing,,,Plans renamed in 2026 to Fundamentals/Complete/Defense. SCIM available on Complete tier but must email accountmanagement@secureframe.com to enable. Per-user pricing not published; multiplier estimated from annual contract ratio (~$20K vs ~$11K midpoints).,,2026-06-12,,
Segment,segment,,gated,Business + SSO Edition add-on,Contact Sales,,Team,Team: custom quote (~$120/mo starting),,,,,,,,,,,,,,,,,,,https://segment.com/pricing/,,,"SCIM gated to Business tier and requires separate SSO Edition add-on. Twilio Console SCIM still in beta. Pricing by MTU volume, not per user.",,2026-06-12,,
Sender.net,sender-net,,none,—,Not offered,,Starter,"Starter: $17/mo (1,000 contacts)",,,,,,,,,,,,,,,,,,,https://www.sender.net/pricing/,,,"No SCIM at any tier. Enterprise plan offers SAML v2 SSO and advanced user permissions but no SCIM provisioning. Priced by contacts, not users.",,2026-06-12,,
SendGrid,sendgrid,,gated,"Premier (via Twilio Organizations API, private beta)","Contact Sales ($1,000+/mo)",,Essentials,Essentials: $14.95-29.95/mo,,,,,,,,,,,,,,,,,,,https://sendgrid.com/en-us/pricing,,,SCIM in private beta via Twilio Organizations API. Requires Premier-tier engagement with account executive. JIT provisioning is the only standard option today (read-only Restricted Access by default).,,2026-06-12,,
Sendinblue / Brevo,sendinblue-brevo,,gated,Enterprise,"Contact Sales (~$10,000/yr+, SAML SSO add-on $324/mo on Professional)",,Starter,Starter: ~$9/mo,,,,,,,,,,,,,,,,,,,https://www.brevo.com/pricing/,,,"SAML SSO available on Professional as $324/mo add-on or included in Enterprise. SCIM only on Enterprise. Pricing by contacts/sends, not per user.",,2026-06-12,,
SentinelOne,sentinelone,,gated,Singularity Enterprise,Contact Sales (~$12-16/endpoint/mo),14,Singularity Core,Core: ~$69.99/endpoint/yr (~$5.83/endpoint/mo),5.83,2.4,,,,,,,,,,,,,,,,,https://www.sentinelone.com/pricing/,,,Per-endpoint pricing. SCIM gated to Singularity Enterprise tier (custom quote). Multiplier computed from Core ($5.83/endpoint/mo) vs Enterprise (~$14/endpoint/mo midpoint).,,2026-06-12,,
Sentry,sentry,,gated,Business,Business: $80/mo base (annual),80,Team,Team: $26/mo base (annual),26,3.1,,,,,,,,,,,,,,,,,https://sentry.io/pricing/,,,"SCIM gated to Business tier ($80/mo annual / $89/mo monthly) or Enterprise. Not available on Team. Base subscription price (org-level, not per user).",,2026-06-12,,
ServiceNow,servicenow,,gated,Advanced or Prime,Contact Sales (custom),,Foundation,Foundation: Contact Sales (custom),,,,,,,,,,,,,,,,,,,https://www.servicenow.com/pricing.html,,,Consolidated to Foundation/Advanced/Prime on 9 April 2026 (replacing 5 legacy tiers). No public pricing. Identity governance bundled across all AI-native tiers but enterprise SCIM/SSO requires Advanced or Prime.,,2026-06-12,,
ServiceTitan,servicetitan,,unknown,—,Contact Sales,,Starter,Starter: ~$245-300/tech/mo,270,,,,,,,,,,,,,,,,,,https://www.servicetitan.com/pricing,,,ServiceTitan does not publish pricing or document SCIM support publicly. Pricing per tech ranges $245-500/mo across Starter/Essentials/Works. SCIM availability not confirmed.,,2026-06-12,,
Shopify,shopify,,gated,Plus,"Plus: $2,300/mo",2300,Basic,Basic: $29/mo (annual) or $39/mo (monthly),29,79.3,,,,,,,,,,,,,,,,,https://www.shopify.com/pricing,,,"Org-level pricing (not per user). Basic at $29/mo annual ($39 monthly). Plus tier required for SAML SSO and SCIM at $2,300/mo. 79.3x multiplier from Basic to Plus.",,2026-06-12,,
Short.io,short-io,,none,—,Not offered (SAML SSO only on Enterprise $148/mo),,Personal/Team,Personal: $20/mo,,,,,,,,,,,,,,,,,,,https://short.io/pricing,,,"Enterprise plan ($148/mo) includes SAML SSO with major IdPs but SCIM not documented or supported. Pricing per workspace, not per user.",,2026-06-12,,
Shortcut,shortcut,,gated,Business,Business: $12/u/mo (annual),12,Team,Team: $8.50/u/mo (annual),8.5,1.4,,,,,,,,,,,,,,,,,https://shortcut.com/pricing,,,Business plan at $12/u/mo includes SSO and SCIM (was previously an add-on). Enterprise pricing custom for 100+ seat deployments. 1.4x multiplier Team to Business.,,2026-06-12,,
Slack,slack,,gated,Business+,Business+: $15/u/mo (annual),15,Pro,Pro: $7.25/u/mo (annual),7.25,2.1,,,,,,,,,,,,,,,,,https://slack.com/pricing,,,Business+ raised from $12.50 to $15/u/mo in 2025 due to AI bundling. SCIM provisioning gated to Business+ and above. Enterprise+ (formerly Grid/Select) consolidated August 2024.,,2026-06-12,,
Slido,slido,,gated,Enterprise,Contact Sales (~$200/mo for 3 users),,Engage,Engage: ~$10/mo (up to 100 participants),,,,,,,,,,,,,,,,,,,https://www.slido.com/pricing,,,"SCIM and Member/Participant SSO only on Enterprise. Included free with paid Webex licenses (Starter+) after Cisco acquisition. Pricing by participant capacity, not per user.",,2026-06-12,,
Smartling,smartling,,unknown,—,Contact Sales,,Core,Core: free to start (volume-based),,,,,,,,,,,,,,,,,,,https://www.smartling.com/pricing/,,,"Smartling offers SAML SSO on Enterprise but no published SCIM documentation. Pricing by translation volume, not per user. SCIM availability not publicly confirmed.",,2026-06-12,,
Smartsheet,smartsheet,,gated,Enterprise,Contact Sales (~$30-50/u/mo),40,Pro,Pro: $9/u/mo,9,4.4,,,,,,,,,,,,,,,,,https://www.smartsheet.com/pricing,,,"Pro at $9/u/mo, Business at $32/u/mo. SCIM only on Enterprise (~$30-50/u/mo based on third-party data). SCIM permanently deletes users on deprovisioning - no soft-delete option.",,2026-06-12,,
Snowflake,snowflake,,free,Standard (all editions),Included (~$2.00-2.50/credit),,Standard,Standard: ~$2.00-2.50/credit (consumption),,1,,,,,,,,,,,,,,,,,https://www.snowflake.com/pricing/,,,"SCIM 2.0 included in all editions (Standard, Enterprise, Business Critical, VPS). Token refresh required every 6 months. Native roles not SCIM-managed. Consumption-priced.",,2026-06-12,,
Snyk,snyk,,gated,Enterprise,Contact Sales ($5K-70K+/yr),,Team,Team: $25/contributing dev/mo,25,,,,,,,,,,,,,,,,,,https://snyk.io/plans/,,,No native SCIM. Enterprise offers custom-attribute auto-provisioning via SAML/OIDC SSO with account-team setup - effectively a manual SCIM-like alternative. Status upgraded from 'none' to 'gated' to reflect this.,,2026-06-12,,
SocialPilot,socialpilot,,none,—,Not offered (SSO only on Enterprise),,Essentials,Essentials: $30/mo,30,,,,,,,,,,,,,,,,,,https://www.socialpilot.co/pricing,,,"Enterprise tier offers SSO and API access but no documented SCIM support. Pricing by accounts/users included, not strict per-user.",,2026-06-12,,
SonarQube Cloud,sonarqube-cloud,,gated,Enterprise,"Contact Sales (LOC-based, annual)",,Team,Team: ~$32/mo (100K LOC),,,,,,,,,,,,,,,,,,,https://www.sonarsource.com/plans-and-pricing/sonarcloud/,,,"Formerly SonarCloud. Pricing by lines of code analyzed. SCIM and advanced SSO gated to Enterprise tier (annual billing only, custom quote).",,2026-06-12,,
Spark Hire,spark-hire,,gated,Enterprise (via WorkOS),Contact Sales,,Lite,Lite: $149/mo flat (up to 50 employees),,,,,,,,,,,,,,,,,,,https://www.sparkhire.com/pricing/,,,"Plans are flat monthly (Lite $149, Pro $299, Growth $499, Enterprise custom). SSO/SCIM via WorkOS reachable through CSM/Sales; Spark Hire Recruit documents SCIM URL. Treated as gated/Contact Sales.",,2026-06-12,,
Splashtop,splashtop,,gated,Enterprise,Contact Sales,,Pro (Business Access),Pro: $8.25/u/mo (annual),8.25,,,,,,,,,,,,,,,,,,https://www.splashtop.com/pricing,,,"SCIM provisioning (Entra ID, Okta, OneLogin, JumpCloud) only on Splashtop Enterprise. Performance plan $13/u/mo sits below Enterprise.",,2026-06-12,,
Splunk,splunk,,gated,Enterprise (Splunk Cloud 9.1+),Contact Sales,,Splunk Cloud (workload-based),Workload-based / Contact Sales,,,,,,,,,,,,,,,,,,,https://www.splunk.com/en_us/products/pricing.html,,,Splunk Cloud SCIM is deprovision-only (no create/update) and requires Enterprise tier with SAML SSO. Pricing not publicly disclosed.,,2026-06-12,,
StackHawk,stackhawk,,unknown,—,—,,Pro,Pro: $49/contributor/mo (20-contributor minimum),49,,,,,,,,,,,,,,,,,,https://www.stackhawk.com/pricing/,,,SSO/SAML is documented on Enterprise tier; native SCIM provisioning not publicly documented as of 2026-06-12. Status kept as unknown.,,2026-06-12,,
StatusGator,statusgator,,gated,Enterprise (custom),Enterprise: from $799/mo,,Starter,Starter: $72/mo flat (1 user),,,,,,,,,,,,,,,,,,,https://statusgator.com/pricing,,,"SSO available on Team ($137/mo) and above; SCIM and other advanced identity features only on Enterprise (custom, starts $799/mo).",,2026-06-12,,
Stoplight,stoplight,,none,—,—,,Basic,Basic: $44/mo + $11/user (annual),,,,,,,,,,,,,,,,,,,https://stoplight.io/pricing,,,SCIM is listed on Stoplight SmartBear product roadmap as not yet shipped. No SCIM on any plan today.,,2026-06-12,,
StreamYard,streamyard,,unknown,—,—,,Core,Core: $35.99/mo flat (annual),,,,,,,,,,,,,,,,,,,https://streamyard.com/pricing,,,"No native SCIM doc; OneLogin connector exists for provisioning. Pricing flat per plan (Core $35.99, Advanced $68.99, Business $249, Enterprise custom).",,2026-06-12,,
SurveyMonkey,surveymonkey,,gated,Enterprise,Contact Sales,,Team Advantage,"Team Advantage: $30/u/mo (3+ users, annual)",30,,,,,,,,,,,,,,,,,,https://www.surveymonkey.com/pricing/,,,"SCIM is Enterprise-only and requires SSO. Pricing not public; avg deal ~$38,808/yr per Vendr.",,2026-06-12,,
Tableau,tableau,,free,All Tableau Cloud plans (SAML/OIDC prereq),$15/u/mo (Viewer),15,Viewer (Tableau Cloud Standard),Viewer: $15/u/mo (annual),15,,,,,,,,,,,,,,,,,,https://www.tableau.com/pricing,,,"SCIM available on all Tableau Cloud tiers (Viewer $15, Explorer $42, Creator $75) as long as SSO is configured. Status free.",,2026-06-12,,
TeamViewer,teamviewer,,gated,Tensor (Enterprise),Contact Sales,,Business,Business: $50.90/mo flat (single user),,,,,,,,,,,,,,,,,,,https://www.teamviewer.com/en/pricing/,,,"SCIM provisioning (Entra ID, Okta, OneLogin, ADFS) requires Tensor license. Standard tiers (Remote Access $24.90, Business $50.90, Premium $112.90, Corporate $229.90) are flat-monthly with seat caps.",,2026-06-12,,
Teamwork,teamwork,,gated,Enterprise,Contact Sales,,Deliver,"Deliver: $10.99/u/mo (3-user min, annual)",10.99,,,,,,,,,,,,,,,,,,https://www.teamwork.com/pricing/,,,"SCIM/automatic user provisioning is gated to Enterprise (custom pricing). Plans: Free, Deliver $10.99, Grow $19.99, Scale $54.99, Enterprise.",,2026-06-12,,
Teleport,teleport,,gated,Enterprise (Identity Governance),Contact Sales,,Team,Team: ~$12-18/resource/mo (annual),,,,,,,,,,,,,,,,,,,https://goteleport.com/pricing/,,,"Teleport pricing is per-resource, not per-user. SCIM lives inside Identity Governance, available only on Teleport Enterprise (Cloud or Self-Hosted). Status changed from none to gated.",,2026-06-12,,
Temporal Cloud,temporal-cloud,,gated,Business + SCIM add-on (or Enterprise),+$500/mo add-on on top of Business ($500/mo),,Essentials,Essentials: greater of $100/mo or 5% of consumption,,,,,,,,,,,,,,,,,,,https://temporal.io/pricing,,,SCIM requires Enterprise/Mission Critical or a +$500/mo add-on on top of Business plan ($500/mo). SAML SSO also required.,,2026-06-12,,
TestRail Cloud,testrail-cloud,,gated,Enterprise,Enterprise: $74/seat/mo,74,Professional,Professional: $37/seat/mo,37,2,,,,,,,,,,,,,,,,,https://www.testrail.com/pricing/,,,"SAML SSO and SCIM provisioning are gated to Cloud Enterprise ($74/seat/mo, annual only). Exactly 2x Professional.",,2026-06-12,,
TextExpander,textexpander,,gated,Business,Business: $10.41/u/mo (annual),10.41,Business,Business: $10.41/u/mo (annual),10.41,1,,,,,,,,,,,,,,,,,https://textexpander.com/pricing,,,"SCIM (Okta, Azure, OneLogin) listed as included on Business, Growth, and Enterprise. Plans: Individual $4.16, Business $10.41, Growth $13.54, Enterprise custom. SCIM is no longer Growth-only; it is on Business.",,2026-06-12,,
Toast,toast,,none,—,—,,Starter Kit,Starter Kit: $0 software / hardware + processing fees,,,,,,,,,,,,,,,,,,,https://pos.toasttab.com/pricing,,,Toast uses proprietary Toast Login for staff; no SAML SSO or SCIM provisioning. Employee management only via Labor API. Status none.,,2026-06-12,,
Toggl Plan,toggl-plan,,none,—,—,,Team,Team: $9/u/mo,9,,,,,,,,,,,,,,,,,,https://toggl.com/plan/pricing/,,,SAML SSO available on Business plan; no native SCIM endpoint. User provisioning only via REST API.,,2026-06-12,,
Toggl Track,toggl-track,,none,—,—,,Starter,Starter: $9/u/mo (annual),9,,,,,,,,,,,,,,,,,,https://toggl.com/track/pricing/,,,SAML SSO on Premium ($18/u/mo); no native SCIM. User mgmt via REST API or manual invites.,,2026-06-12,,
Transifex,transifex,,none,—,—,,Starter,Starter: $139/mo flat,,,,,,,,,,,,,,,,,,,https://www.transifex.com/pricing,,,"Enterprise+ plan lists SAML SSO and advanced security; SCIM not publicly documented. Plans (annual): Starter $139, Growth $369, Advanced $749, PRO $1549, Enterprise+ custom.",,2026-06-12,,
Trello,trello,,gated,Add-on (Atlassian Guard) on Enterprise,Atlassian Guard from $4/u/mo on top of Enterprise $17.50/u/mo,21.5,Standard,Standard: $5/u/mo (annual),5,4.3,,,,,,,,,,,,,,,,,https://trello.com/pricing,,,"SCIM provisioning via Atlassian Guard Standard (~$4/u/mo) on top of Trello Enterprise ($17.50/u/mo, 50-seat min). Combined ~$21.50/u/mo vs $5 Standard.",,2026-06-12,,
Twilio,twilio,,gated,Enterprise + SSO Edition add-on,Contact Sales,,Pay-as-you-go (usage-based),Usage-based,,,,,,,,,,,,,,,,,,,https://www.twilio.com/en-us/pricing,,,Twilio SCIM API is GA but restricted to Enterprise plans with the paid SSO Edition add-on. JIT provisioning not supported.,,2026-06-12,,
Typeform,typeform,,gated,Enterprise,Contact Sales,,Basic,Basic: $29/mo flat,,,,,,,,,,,,,,,,,,,https://www.typeform.com/pricing/,,,"Plans (flat monthly to ~5 users): Basic $29, Plus $59, Business $99, Growth Essentials $199, Growth Pro $349, Enterprise custom. SSO/SCIM gated to Enterprise.",,2026-06-12,,
Usersnap,usersnap,,none,—,—,,Startup,Startup: $69-$99/mo flat,,,,,,,,,,,,,,,,,,,https://usersnap.com/pricing,,,"Enterprise tier lists SSO (SAML, OIDC) but no public SCIM documentation. Treated as none.",,2026-06-12,,
UseWorkshop,useworkshop,,unknown,—,—,,Essential,Essential: from $250/mo (250 employees),,,,,,,,,,,,,,,,,,,https://useworkshop.com/pricing/,,,Custom SAML SSO documented on Enhanced and Premium plans. No public SCIM endpoint documentation; HRIS/AD/payroll integrations available. Status kept as unknown.,,2026-06-12,,
Vanta,vanta,,gated,Enterprise,Contact Sales,,Core,"Core: ~$10,000/yr",,,,,,,,,,,,,,,,,,,https://www.vanta.com/pricing,,,"Annual contract pricing only. Core ~$10K/yr (single framework), Growth ~$30K, Scale up to ~$80K, Enterprise $49K-$80K+ where SCIM 2.0 lives. Not per-user.",,2026-06-12,,
Veeva Systems,veeva-systems,,gated,Vault Enterprise (SCIM 2.0 at /scim/v2),Contact Sales,,Vault (Base + Named User),Contact Sales,,,,,,,,,,,,,,,,,,,https://www.veeva.com/products/,,,"Vault uses base + named-user licensing, all custom. SCIM 2.0 supported on Enterprise per 18R2 release. Industry estimates put per-user at $50-$200/mo but never published.",,2026-06-12,,
Vercel,vercel,,gated,Add-on (Directory Sync on Pro) or Enterprise,$150/mo flat add-on (requires $300/mo SAML add-on); included in Enterprise,,Pro,Pro: $20/u/mo,20,,,,,,,,,,,,,,,,,,https://vercel.com/pricing,,,"Status changed: SCIM Directory Sync now available on Pro as $150/mo flat add-on, but requires $300/mo SAML add-on first. Effectively $450/mo extra over Pro base.",,2026-06-12,,
VictorOps / Splunk On-Call,victorops-splunk-on-call,,gated,Enterprise / Full-Stack,Enterprise: $25/u/mo (annual),25,Starter,Starter: $5/u/mo (annual),5,5,,,,,,,,,,,,,,,,,https://www.splunk.com/en_us/products/on-call.html,,,"Status moved from partial to gated: SSO/SCIM-class features sit on Enterprise tier ($25/u/mo annual, $45/u/mo monthly). Starter $5/u/mo annual baseline.",,2026-06-12,,
Webflow,webflow,,gated,Enterprise,Contact Sales,,Core Workspace,"Core: $19/mo (workspace, annual)",19,,,,,,,,,,,,,,,,,,https://webflow.com/pricing,,,Webflow ships two product lines: site plans (Basic $15/mo) and Workspace plans (Core $19/mo). SCIM provisioning is Enterprise-only and requires SSO to be enabled first.,,2026-06-12,,
Wedo,wedo,,gated,Enterprise,Enterprise: CHF 24.90/u/mo,27.5,Pro,Pro: CHF 19.90/u/mo,22,1.3,,,,,,,,,,,,,,,,,https://www.wedo.swiss/pricing/,,,"Swiss vendor; pricing in CHF. USD figures use ~1.10 CHF=USD. Enterprise adds SCIM provisioning, SAML SSO, ADFS, BYOK.",,2026-06-12,,
Weights & Biases,weights-and-biases,,gated,Enterprise,Contact Sales,,Pro / Teams,Pro: $50/u/mo,50,,,,,,,,,,,,,,,,,,https://wandb.ai/site/pricing/,,,Pro (formerly Teams) is $50/u/mo for orgs under 50 employees; SCIM and full enterprise security on the custom-priced Enterprise tier.,,2026-06-12,,
Wickr (AWS),wickr-aws,,none,—,—,,Standard,Standard: $5/u/mo,5,,,,,,,,,,,,,,,,,,https://aws.amazon.com/wickr/pricing/,,,"AWS Wickr supports SSO (OIDC/SAML, Active Directory sync via ADFS) but no native SCIM provisioning. Premium tier up to $25/u/mo.",,2026-06-12,,
Wix,wix,,gated,Enterprise,Contact Sales (Enterprise starts ~$500/mo),,Light,Light: $17/mo flat (1 contributor),17,,,,,,,,,,,,,,,,,,https://www.wix.com/upgrade/website,,,"Wix site plans are flat per-site, not per-user. Light $17/mo is single-contributor; team features and SCIM-class identity sit on custom-priced Enterprise.",,2026-06-12,,
Workable,workable,,gated,Premier / Enterprise,"Premier $599/mo, Enterprise $719/mo flat",,Standard,Standard: $299/mo flat,,2.4,,,,,,,,,,,,,,,,,https://www.workable.com/pricing,,,"Flat monthly pricing tied to employee count bands, not per-user. SAML SSO included on Premier/Enterprise (add-on for Standard). SCIM-style directory sync is Enterprise-tier; multiplier computed as $719/$299.",,2026-06-12,,
Workday,workday,,gated,Enterprise,Contact Sales,,HCM (PEPM),Contact Sales (~$35-$100 PEPM),,,,,,,,,,,,,,,,,,,https://www.workday.com/en-us/pricing.html,,,No published pricing. PEPM commonly $35-$100. SCIM available but requires Enterprise tier and SSO must be configured first (otherwise 403).,,2026-06-12,,
Wrike,wrike,,gated,Pinnacle / Apex (formerly Enterprise),Contact Sales (Pinnacle/Apex),,Team,Team: $10/u/mo (annual),10,,,,,,,,,,,,,,,,,,https://www.wrike.com/price/,,,Wrike restructured plans in Jan 2026: standalone Enterprise tier end-of-sale for new buyers; SCIM now sits on custom-priced Pinnacle/Apex. Team plan price updated to $10/u/mo (annual). Business $25/u/mo annual.,,2026-06-12,,
Writesonic,writesonic,,unknown,—,Contact Sales,,Lite,Lite: $16/mo flat,,,,,,,,,,,,,,,,,,,https://writesonic.com/pricing,,,Enterprise lists SSO/SAML but no public documentation of native SCIM support. Could not confirm on 2026-06-12.,,2026-06-12,,
Xero,xero,,none,—,—,,Early,Early: $15/mo flat,,,,,,,,,,,,,,,,,,,https://www.xero.com/us/pricing-plans/,,,No native SSO or SCIM on any plan in 2026. All plans include unlimited users. Customers continue to ask publicly for Entra/SCIM support. Third-party SSO proxies (miniOrange) are the only path.,,2026-06-12,,
Yardi,yardi,,partial,Voyager Enterprise (via YardiOne),"Contact Sales (Voyager from ~$1,200/mo)",,Breeze,Breeze: $1/unit/mo (residential),,,,,,,,,,,,,,,,,,,https://www.yardibreeze.com,,,"Breeze is per-unit, not per-user. SCIM available only via YardiOne on Voyager Enterprise (custom pricing, $30K-$150K+/yr typical).",,2026-06-12,,
Yodeck,yodeck,,gated,Enterprise,Enterprise: $15/screen/mo,15,Basic,Basic: $8/screen/mo,8,1.9,,,,,,,,,,,,,,,,,https://www.yodeck.com/pricing/,,,"Priced per screen (treated as per-user for normalization). April 2026 price increase added $1/screen to Premium and Enterprise; Basic unchanged. SCIM, SSO, custom roles, audit logs all Enterprise-only.",,2026-06-12,,
Zapier,zapier,,gated,Enterprise,Contact Sales,,Professional,Professional: $29.99/mo,,,,,,,,,,,,,,,,,,,https://zapier.com/pricing,,,"Free + Pro ($29.99/mo) + Team ($103.50/mo) + Enterprise custom. SCIM, unlimited users, audit logs all gated to Enterprise. Pro is task-based flat, not per-user.",,2026-06-12,,
Zendesk,zendesk,,partial,Suite Professional,Suite Professional: $115/agent/mo,115,Suite Team,Suite Team: $69/agent/mo,69,1.7,,,,,,,,,,,,,,,,,https://www.zendesk.com/pricing/,,,SCIM 2.0 (via Okta/Entra) requires Suite Professional or above. Native SCIM not exposed publicly. Enterprise tier $169/agent/mo.,,2026-06-12,,
Zeplin,zeplin,,gated,Enterprise,Contact Sales,,Team,Team: $6/editor/mo,6,,,,,,,,,,,,,,,,,,https://zeplin.io/pricing/,,,Team plan price updated to $6/editor/mo (was previously listed as Starter $13.75). Organization $12/editor/mo (12-seat minimum). SCIM and SSO gated to Enterprise.,,2026-06-12,,
zeroheight,zeroheight,,none,—,—,,Free / Starter,Free; Starter ~$39-$49/editor/mo,,,,,,,,,,,,,,,,,,,https://zeroheight.com/pricing/,,,zeroheight has explicitly stated they do not support SCIM and have no plans to introduce it. SSO is Enterprise-only.,,2026-06-12,,
Zight,zight,,gated,Enterprise (Scale),Contact Sales,,Pro,Pro: $9.95/u/mo,9.95,,,,,,,,,,,,,,,,,,https://zight.com/pricing/,,,"June 2026 lineup refresh renamed Enterprise to Scale. Pro $9.95/u/mo, Team $12/u/mo. SCIM and SSO gated to Scale (custom).",,2026-06-12,,
Zoom,zoom,,gated,Business,Business: $18.33/u/mo,18.33,Pro,Pro: $13.33/u/mo,13.33,1.4,,,,,,,,,,,,,,,,,https://zoom.us/pricing,,,Free tier exists but Pro $13.33/u/mo is the cheapest plan a paying team would actually default to; SCIM 2.0 native requires Business $18.33/u/mo. Using Pro as team plan baseline yields ~1.4x jump.,,2026-06-12,,
